Linux 6.11.0-1014-nvidia (gb10-rtk) 	08/05/2026 	_aarch64_	(20 CPU)

10:55:47 AM  CPU    %usr   %nice    %sys %iowait    %irq   %soft  %steal  %guest  %gnice   %idle
10:55:48 AM  all    0.15    0.00    0.75    0.20    0.00    0.00    0.00    1.10    0.00   97.70
10:55:48 AM    0    0.00    0.00    0.00    0.00    0.00    0.00    0.00    0.00    0.00  100.00
10:55:48 AM    1    0.00    0.00    1.01    0.00    0.00    0.00    0.00    3.03    0.00   95.96
10:55:48 AM    2    0.00    0.00    1.00    0.00    0.00    0.00    0.00    3.00    0.00   96.00
10:55:48 AM    3    2.00    0.00    2.00    0.00    0.00    0.00    0.00    4.00    0.00   92.00
10:55:48 AM    4    0.00    0.00    2.00    1.00    0.00    0.00    0.00    4.00    0.00   93.00
10:55:48 AM    5    0.00    0.00    0.00    0.00    0.00    0.00    0.00    0.00    0.00  100.00
10:55:48 AM    6    0.00    0.00    0.99    0.00    0.00    0.00    0.00    0.99    0.00   98.02
10:55:48 AM    7    0.00    0.00    3.03    0.00    0.00    0.00    0.00    3.03    0.00   93.94
10:55:48 AM    8    0.00    0.00    1.00    0.00    0.00    0.00    0.00    0.00    0.00   99.00
10:55:48 AM    9    0.00    0.00    0.00    0.00    0.00    0.00    0.00    0.00    0.00  100.00
10:55:48 AM   10    0.00    0.00    0.00    0.00    0.00    0.00    0.00    0.00    0.00  100.00
10:55:48 AM   11    0.98    0.00    0.00    0.98    0.00    0.00    0.00    0.00    0.00   98.04
10:55:48 AM   12    0.00    0.00    2.02    0.00    0.00    0.00    0.00    3.03    0.00   94.95
10:55:48 AM   13    0.00    0.00    0.00    0.00    0.00    0.00    0.00    1.00    0.00   99.00
10:55:48 AM   14    1.00    0.00    0.00    1.00    0.00    0.00    0.00    0.00    0.00   98.00
10:55:48 AM   15    0.99    0.00    0.00    0.00    0.00    0.00    0.00    0.00    0.00   99.01
10:55:48 AM   16    0.00    0.00    0.99    0.00    0.00    0.00    0.00    0.00    0.00   99.01
10:55:48 AM   17    0.00    0.00    1.00    1.00    0.00    0.00    0.00    0.00    0.00   98.00
10:55:48 AM   18    0.00    0.00    0.00    0.00    0.00    0.00    0.00    0.00    0.00  100.00
10:55:48 AM   19    0.00    0.00    0.00    0.00    0.00    0.00    0.00    0.00    0.00  100.00

10:55:48 AM  CPU    %usr   %nice    %sys %iowait    %irq   %soft  %steal  %guest  %gnice   %idle
10:55:49 AM  all    0.00    0.00    0.00    0.00    0.00    0.00    0.00    0.00    0.00  100.00
10:55:49 AM    0    0.00    0.00    0.00    0.00    0.00    0.00    0.00    0.00    0.00  100.00
10:55:49 AM    1    0.00    0.00    0.00    0.00    0.00    0.00    0.00    0.00    0.00  100.00
10:55:49 AM    2    0.00    0.00    0.00    0.00    0.00    0.00    0.00    0.00    0.00  100.00
10:55:49 AM    3    0.00    0.00    0.00    0.00    0.00    0.00    0.00    0.00    0.00  100.00
10:55:49 AM    4    0.00    0.00    0.00    0.00    0.00    0.00    0.00    0.00    0.00  100.00
10:55:49 AM    5    0.00    0.00    0.00    0.00    0.00    0.00    0.00    0.00    0.00  100.00
10:55:49 AM    6    0.00    0.00    0.00    0.00    0.00    0.00    0.00    0.00    0.00  100.00
10:55:49 AM    7    0.00    0.00    0.00    0.00    0.00    0.00    0.00    0.00    0.00  100.00
10:55:49 AM    8    0.00    0.00    0.00    0.00    0.00    0.00    0.00    0.00    0.00  100.00
10:55:49 AM    9    0.00    0.00    0.00    0.00    0.00    0.00    0.00    0.00    0.00  100.00
10:55:49 AM   10    0.00    0.00    0.00    0.00    0.00    0.00    0.00    0.00    0.00  100.00
10:55:49 AM   11    0.00    0.00    0.00    0.00    0.00    0.00    0.00    0.00    0.00  100.00
10:55:49 AM   12    0.00    0.00    0.00    0.00    0.00    0.00    0.00    0.00    0.00  100.00
10:55:49 AM   13    0.00    0.00    0.00    0.00    0.00    0.00    0.00    0.00    0.00  100.00
10:55:49 AM   14    0.00    0.00    0.00    0.00    0.00    0.00    0.00    0.00    0.00  100.00
10:55:49 AM   15    0.00    0.00    0.00    0.00    0.00    0.00    0.00    0.00    0.00  100.00
10:55:49 AM   16    0.00    0.00    0.00    0.00    0.00    0.00    0.00    0.00    0.00  100.00
10:55:49 AM   17    0.00    0.00    0.00    0.00    0.00    0.00    0.00    0.00    0.00  100.00
10:55:49 AM   18    0.00    0.00    0.00    0.00    0.00    0.00    0.00    0.00    0.00  100.00
10:55:49 AM   19    0.00    0.00    0.00    0.00    0.00    0.00    0.00    0.00    0.00  100.00

10:55:49 AM  CPU    %usr   %nice    %sys %iowait    %irq   %soft  %steal  %guest  %gnice   %idle
10:55:50 AM  all    0.15    0.00   25.37    0.00    0.00    0.00    0.00   13.37    0.00   61.01
10:55:50 AM    0    1.00    0.00   29.00    0.00    0.00    0.00    0.00    1.00    0.00   69.00
10:55:50 AM    1    0.00    0.00   16.16    0.00    0.00    0.00    0.00    7.07    0.00   76.77
10:55:50 AM    2    0.00    0.00   15.46    0.00    0.00    0.00    0.00    5.15    0.00   79.38
10:55:50 AM    3    0.00    0.00   12.12    0.00    0.00    0.00    0.00    0.00    0.00   87.88
10:55:50 AM    4    1.01    0.00    5.05    0.00    0.00    0.00    0.00    5.05    0.00   88.89
10:55:50 AM    5    1.00    0.00   19.00    0.00    0.00    0.00    0.00   33.00    0.00   47.00
10:55:50 AM    6    0.00    0.00   20.41    0.00    0.00    0.00    0.00   32.65    0.00   46.94
10:55:50 AM    7    0.00    0.00   34.34    0.00    0.00    0.00    0.00   15.15    0.00   50.51
10:55:50 AM    8    0.00    0.00   15.00    0.00    0.00    0.00    0.00   36.00    0.00   49.00
10:55:50 AM    9    0.00    0.00   30.30    0.00    0.00    0.00    0.00   20.20    0.00   49.49
10:55:50 AM   10    0.00    0.00   38.78    0.00    0.00    0.00    0.00    3.06    0.00   58.16
10:55:50 AM   11    0.00    0.00   35.42    0.00    0.00    0.00    0.00    1.04    0.00   63.54
10:55:50 AM   12    0.00    0.00   34.02    0.00    0.00    0.00    0.00    7.22    0.00   58.76
10:55:50 AM   13    0.00    0.00   27.27    0.00    0.00    0.00    0.00    7.07    0.00   65.66
10:55:50 AM   14    1.01    0.00   20.20    0.00    0.00    0.00    0.00    6.06    0.00   72.73
10:55:50 AM   15    0.00    0.00   35.35    0.00    0.00    0.00    0.00   16.16    0.00   48.48
10:55:50 AM   16    0.00    0.00   35.71    0.00    0.00    0.00    0.00   13.27    0.00   51.02
10:55:50 AM   17    0.00    0.00   27.55    0.00    0.00    0.00    0.00   21.43    0.00   51.02
10:55:50 AM   18    0.99    0.00   30.69    0.00    0.00    0.00    0.00   15.84    0.00   52.48
10:55:50 AM   19    0.00    0.00   26.00    0.00    0.00    0.00    0.00   20.00    0.00   54.00

10:55:50 AM  CPU    %usr   %nice    %sys %iowait    %irq   %soft  %steal  %guest  %gnice   %idle
10:55:51 AM  all    0.10    0.00   35.52    0.00    0.00    0.00    0.00   20.00    0.00   44.23
10:55:51 AM    0    0.00    0.00   17.17    0.00    0.00    0.00    0.00    4.04    0.00   78.79
10:55:51 AM    1    1.00    0.00    2.00    0.00    0.00    0.00    0.00    0.00    0.00   97.00
10:55:51 AM    2    1.00    0.00    0.00    0.00    0.00    0.00    0.00    0.00    0.00   99.00
10:55:51 AM    3    1.00    0.00    2.00    0.00    0.00    0.00    0.00    0.00    0.00   97.00
10:55:51 AM    4    0.00    0.00    0.00    0.00    0.00    0.00    0.00    0.00    0.00  100.00
10:55:51 AM    5    0.00    0.00   34.34    0.00    0.00    0.00    0.00   32.32    0.00   33.33
10:55:51 AM    6    0.00    0.00   50.54    0.00    0.00    0.00    0.00   23.66    0.00   25.81
10:55:51 AM    7    1.01    0.00   59.60    0.00    0.00    0.00    0.00   31.31    0.00    8.08
10:55:51 AM    8    0.00    0.00   55.67    0.00    0.00    0.00    0.00   30.93    0.00   13.40
10:55:51 AM    9    1.06    0.00   55.32    0.00    0.00    0.00    0.00   17.02    0.00   26.60
10:55:51 AM   10    0.00    0.00   55.29    0.00    0.00    0.00    0.00    7.06    0.00   37.65
10:55:51 AM   11    0.00    0.00   24.21    0.00    0.00    0.00    0.00   22.11    0.00   53.68
10:55:51 AM   12    0.00    0.00   17.20    0.00    0.00    0.00    0.00   26.88    0.00   55.91
10:55:51 AM   13    0.00    0.00   13.40    0.00    0.00    0.00    0.00    5.15    0.00   81.44
10:55:51 AM   14    0.00    0.00   34.04    0.00    0.00    0.00    0.00    2.13    0.00   63.83
10:55:51 AM   15    0.00    0.00   93.00    0.00    0.00    0.00    0.00    6.00    0.00    1.00
10:55:51 AM   16    0.00    0.00   43.30    0.00    0.00    0.00    0.00   50.52    0.00    6.19
10:55:51 AM   17    0.00    0.00   47.00    0.00    0.00    0.00    0.00   53.00    0.00    0.00
10:55:51 AM   18    0.00    0.00   54.55    0.00    0.00    0.00    0.00   45.45    0.00    0.00
10:55:51 AM   19    0.00    0.00   55.00    0.00    0.00    0.00    0.00   41.00    0.00    4.00

10:55:51 AM  CPU    %usr   %nice    %sys %iowait    %irq   %soft  %steal  %guest  %gnice   %idle
10:55:52 AM  all    0.00    0.00   36.67    0.00    0.00    0.00    0.00   18.54    0.00   44.73
10:55:52 AM    0    0.00    0.00    3.06    0.00    0.00    0.00    0.00    1.02    0.00   95.92
10:55:52 AM    1    0.00    0.00   15.31    0.00    0.00    0.00    0.00    0.00    0.00   84.69
10:55:52 AM    2    0.00    0.00    1.00    0.00    0.00    0.00    0.00    0.00    0.00   99.00
10:55:52 AM    3    0.00    0.00    0.00    0.00    0.00    0.00    0.00    0.00    0.00  100.00
10:55:52 AM    4    0.00    0.00    0.00    0.00    0.00    0.00    0.00    0.00    0.00  100.00
10:55:52 AM    5    0.00    0.00   28.71    0.00    0.00    0.00    0.00   48.51    0.00   22.77
10:55:52 AM    6    0.00    0.00   45.45    0.00    0.00    0.00    0.00   24.24    0.00   30.30
10:55:52 AM    7    0.00    0.00   41.84    0.00    0.00    0.00    0.00   21.43    0.00   36.73
10:55:52 AM    8    1.00    0.00   38.00    0.00    0.00    0.00    0.00   61.00    0.00    0.00
10:55:52 AM    9    0.00    0.00   58.06    0.00    0.00    0.00    0.00    5.38    0.00   36.56
10:55:52 AM   10    0.00    0.00   40.45    0.00    0.00    0.00    0.00    0.00    0.00   59.55
10:55:52 AM   11    0.00    0.00   22.58    0.00    0.00    0.00    0.00    0.00    0.00   77.42
10:55:52 AM   12    0.00    0.00   63.22    0.00    0.00    0.00    0.00    8.05    0.00   28.74
10:55:52 AM   13    0.00    0.00   56.82    0.00    0.00    0.00    0.00    9.09    0.00   34.09
10:55:52 AM   14    0.00    0.00   32.61    0.00    0.00    0.00    0.00    0.00    0.00   67.39
10:55:52 AM   15    0.00    0.00  100.00    0.00    0.00    0.00    0.00    0.00    0.00    0.00
10:55:52 AM   16    0.00    0.00   46.00    0.00    0.00    0.00    0.00   54.00    0.00    0.00
10:55:52 AM   17    0.00    0.00   44.44    0.00    0.00    0.00    0.00   30.30    0.00   25.25
10:55:52 AM   18    0.00    0.00   56.00    0.00    0.00    0.00    0.00   44.00    0.00    0.00
10:55:52 AM   19    0.00    0.00   45.54    0.00    0.00    0.00    0.00   54.46    0.00    0.00

10:55:52 AM  CPU    %usr   %nice    %sys %iowait    %irq   %soft  %steal  %guest  %gnice   %idle
10:55:53 AM  all    0.05    0.00   33.06    0.00    0.00    0.00    0.00   20.13    0.00   46.77
10:55:53 AM    0    0.00    0.00   25.53    0.00    0.00    0.00    0.00   15.96    0.00   58.51
10:55:53 AM    1    0.00    0.00   13.19    0.00    0.00    0.00    0.00   32.97    0.00   53.85
10:55:53 AM    2    0.00    0.00   11.46    0.00    0.00    0.00    0.00    4.17    0.00   84.38
10:55:53 AM    3    0.00    0.00    0.00    0.00    0.00    0.00    0.00    0.00    0.00  100.00
10:55:53 AM    4    0.00    0.00    0.00    0.00    0.00    0.00    0.00    0.00    0.00  100.00
10:55:53 AM    5    0.99    0.00   33.66    0.00    0.00    0.00    0.00   65.35    0.00    0.00
10:55:53 AM    6    0.00    0.00   21.43    0.00    0.00    0.00    0.00    6.12    0.00   72.45
10:55:53 AM    7    0.00    0.00   38.54    0.00    0.00    0.00    0.00   15.62    0.00   45.83
10:55:53 AM    8    0.00    0.00   42.00    0.00    0.00    0.00    0.00   58.00    0.00    0.00
10:55:53 AM    9    0.00    0.00   27.17    0.00    0.00    0.00    0.00    1.09    0.00   71.74
10:55:53 AM   10    0.00    0.00    0.00    0.00    0.00    0.00    0.00    0.00    0.00  100.00
10:55:53 AM   11    0.00    0.00   24.44    0.00    0.00    0.00    0.00    0.00    0.00   75.56
10:55:53 AM   12    0.00    0.00   34.44    0.00    0.00    0.00    0.00    0.00    0.00   65.56
10:55:53 AM   13    0.00    0.00   77.11    0.00    0.00    0.00    0.00    0.00    0.00   22.89
10:55:53 AM   14    0.00    0.00   26.67    0.00    0.00    0.00    0.00    0.00    0.00   73.33
10:55:53 AM   15    0.00    0.00  100.00    0.00    0.00    0.00    0.00    0.00    0.00    0.00
10:55:53 AM   16    0.00    0.00   42.00    0.00    0.00    0.00    0.00   58.00    0.00    0.00
10:55:53 AM   17    0.00    0.00   45.92    0.00    0.00    0.00    0.00   34.69    0.00   19.39
10:55:53 AM   18    0.00    0.00   55.00    0.00    0.00    0.00    0.00   45.00    0.00    0.00
10:55:53 AM   19    0.00    0.00   45.45    0.00    0.00    0.00    0.00   54.55    0.00    0.00

10:55:53 AM  CPU    %usr   %nice    %sys %iowait    %irq   %soft  %steal  %guest  %gnice   %idle
10:55:54 AM  all    0.00    0.00   34.09    0.00    0.00    0.05    0.00   19.84    0.00   45.91
10:55:54 AM    0    0.00    0.00   14.74    0.00    0.00    1.05    0.00   12.63    0.00   71.58
10:55:54 AM    1    0.00    0.00   10.00    0.00    0.00    0.00    0.00    5.00    0.00   85.00
10:55:54 AM    2    0.00    0.00    2.06    0.00    0.00    0.00    0.00    5.15    0.00   92.78
10:55:54 AM    3    0.00    0.00    0.00    0.00    0.00    0.00    0.00    0.00    0.00  100.00
10:55:54 AM    4    0.00    0.00    0.00    0.00    0.00    0.00    0.00    0.00    0.00  100.00
10:55:54 AM    5    0.00    0.00   33.00    0.00    0.00    0.00    0.00   67.00    0.00    0.00
10:55:54 AM    6    0.00    0.00   36.36    0.00    0.00    0.00    0.00   63.64    0.00    0.00
10:55:54 AM    7    1.04    0.00   37.50    0.00    0.00    0.00    0.00   26.04    0.00   35.42
10:55:54 AM    8    0.00    0.00   44.00    0.00    0.00    0.00    0.00   56.00    0.00    0.00
10:55:54 AM    9    0.00    0.00   43.75    0.00    0.00    0.00    0.00   10.42    0.00   45.83
10:55:54 AM   10    1.06    0.00   37.23    0.00    0.00    0.00    0.00    0.00    0.00   61.70
10:55:54 AM   11    0.00    0.00   36.26    0.00    0.00    0.00    0.00    0.00    0.00   63.74
10:55:54 AM   12    0.00    0.00   72.84    0.00    0.00    0.00    0.00    0.00    0.00   27.16
10:55:54 AM   13    0.00    0.00   43.82    0.00    0.00    0.00    0.00    0.00    0.00   56.18
10:55:54 AM   14    0.00    0.00    0.00    0.00    0.00    0.00    0.00    0.00    0.00  100.00
10:55:54 AM   15    0.00    0.00  100.00    0.00    0.00    0.00    0.00    0.00    0.00    0.00
10:55:54 AM   16    0.00    0.00   45.00    0.00    0.00    0.00    0.00   55.00    0.00    0.00
10:55:54 AM   17    0.00    0.00   35.11    0.00    0.00    0.00    0.00   12.77    0.00   52.13
10:55:54 AM   18    0.00    0.00   44.44    0.00    0.00    0.00    0.00   33.33    0.00   22.22
10:55:54 AM   19    0.00    0.00   53.00    0.00    0.00    0.00    0.00   40.00    0.00    7.00

10:55:54 AM  CPU    %usr   %nice    %sys %iowait    %irq   %soft  %steal  %guest  %gnice   %idle
10:55:55 AM  all    0.00    0.00   33.20    0.00    0.00    0.00    0.00   20.91    0.00   45.79
10:55:55 AM    0    0.00    0.00    8.25    0.00    0.00    0.00    0.00   30.93    0.00   60.82
10:55:55 AM    1    0.00    0.00    7.14    0.00    0.00    0.00    0.00    0.00    0.00   92.86
10:55:55 AM    2    0.99    0.00    0.00    0.00    0.00    0.00    0.00    0.00    0.00   99.01
10:55:55 AM    3    0.00    0.00    3.09    0.00    0.00    0.00    0.00    7.22    0.00   89.69
10:55:55 AM    4    0.00    0.00    0.00    0.00    0.00    0.00    0.00    0.00    0.00  100.00
10:55:55 AM    5    0.00    0.00   38.00    0.00    0.00    0.00    0.00   62.00    0.00    0.00
10:55:55 AM    6    0.00    0.00   33.67    0.00    0.00    0.00    0.00   45.92    0.00   20.41
10:55:55 AM    7    0.00    0.00   56.67    0.00    0.00    0.00    0.00    0.00    0.00   43.33
10:55:55 AM    8    0.00    0.00   39.39    0.00    0.00    0.00    0.00   53.54    0.00    7.07
10:55:55 AM    9    0.00    0.00   27.84    0.00    0.00    0.00    0.00   11.34    0.00   60.82
10:55:55 AM   10    0.00    0.00   50.59    0.00    0.00    0.00    0.00    0.00    0.00   49.41
10:55:55 AM   11    0.00    0.00   40.66    0.00    0.00    0.00    0.00    0.00    0.00   59.34
10:55:55 AM   12    0.00    0.00   52.81    0.00    0.00    0.00    0.00    0.00    0.00   47.19
10:55:55 AM   13    0.00    0.00   21.05    0.00    0.00    0.00    0.00    0.00    0.00   78.95
10:55:55 AM   14    0.00    0.00    8.08    0.00    0.00    0.00    0.00    0.00    0.00   91.92
10:55:55 AM   15    0.00    0.00  100.00    0.00    0.00    0.00    0.00    0.00    0.00    0.00
10:55:55 AM   16    0.00    0.00   55.00    0.00    0.00    0.00    0.00   45.00    0.00    0.00
10:55:55 AM   17    0.99    0.00   41.58    0.00    0.00    0.00    0.00   39.60    0.00   17.82
10:55:55 AM   18    0.00    0.00   50.00    0.00    0.00    0.00    0.00   47.00    0.00    3.00
10:55:55 AM   19    0.00    0.00   35.00    0.00    0.00    0.00    0.00   65.00    0.00    0.00

10:55:55 AM  CPU    %usr   %nice    %sys %iowait    %irq   %soft  %steal  %guest  %gnice   %idle
10:55:56 AM  all    0.16    0.00   31.97    0.05    0.00    0.00    0.00   21.30    0.00   46.53
10:55:56 AM    0    0.00    0.00    2.08    0.00    0.00    0.00    0.00   53.12    0.00   44.79
10:55:56 AM    1    1.00    0.00    4.00    0.00    0.00    0.00    0.00    3.00    0.00   92.00
10:55:56 AM    2    0.00    0.00    0.00    0.00    0.00    0.00    0.00    0.00    0.00  100.00
10:55:56 AM    3    0.00    0.00    0.00    1.01    0.00    0.00    0.00    0.00    0.00   98.99
10:55:56 AM    4    0.00    0.00    0.00    0.00    0.00    0.00    0.00    0.00    0.00  100.00
10:55:56 AM    5    1.00    0.00   26.00    0.00    0.00    0.00    0.00   42.00    0.00   31.00
10:55:56 AM    6    0.00    0.00   40.82    0.00    0.00    0.00    0.00   42.86    0.00   16.33
10:55:56 AM    7    0.00    0.00   38.00    0.00    0.00    0.00    0.00   56.00    0.00    6.00
10:55:56 AM    8    0.00    0.00   47.87    0.00    0.00    0.00    0.00   13.83    0.00   38.30
10:55:56 AM    9    0.00    0.00   52.81    0.00    0.00    0.00    0.00    0.00    0.00   47.19
10:55:56 AM   10    0.00    0.00   16.67    0.00    0.00    0.00    0.00    0.00    0.00   83.33
10:55:56 AM   11    0.00    0.00   64.56    0.00    0.00    0.00    0.00    0.00    0.00   35.44
10:55:56 AM   12    0.00    0.00   33.33    0.00    0.00    0.00    0.00    0.00    0.00   66.67
10:55:56 AM   13    0.00    0.00   35.87    0.00    0.00    0.00    0.00    0.00    0.00   64.13
10:55:56 AM   14    0.00    0.00    1.00    0.00    0.00    0.00    0.00    0.00    0.00   99.00
10:55:56 AM   15    0.00    0.00  100.00    0.00    0.00    0.00    0.00    0.00    0.00    0.00
10:55:56 AM   16    0.00    0.00   58.00    0.00    0.00    0.00    0.00   42.00    0.00    0.00
10:55:56 AM   17    0.00    0.00   47.47    0.00    0.00    0.00    0.00   52.53    0.00    0.00
10:55:56 AM   18    0.00    0.00   31.00    0.00    0.00    0.00    0.00   69.00    0.00    0.00
10:55:56 AM   19    1.00    0.00   48.00    0.00    0.00    0.00    0.00   41.00    0.00   10.00

10:55:56 AM  CPU    %usr   %nice    %sys %iowait    %irq   %soft  %steal  %guest  %gnice   %idle
10:55:57 AM  all    0.10    0.00   32.92    0.00    0.00    0.00    0.00   20.29    0.00   46.64
10:55:57 AM    0    0.99    0.00    0.99    0.00    0.00    0.00    0.00    6.93    0.00   91.09
10:55:57 AM    1    0.00    0.00   30.85    0.00    0.00    0.00    0.00    0.00    0.00   69.15
10:55:57 AM    2    0.00    0.00   23.47    0.00    0.00    0.00    0.00    0.00    0.00   76.53
10:55:57 AM    3    0.00    0.00   43.48    0.00    0.00    0.00    0.00    0.00    0.00   56.52
10:55:57 AM    4    0.00    0.00    2.02    0.00    0.00    0.00    0.00   47.47    0.00   50.51
10:55:57 AM    5    0.00    0.00   25.51    0.00    0.00    0.00    0.00   40.82    0.00   33.67
10:55:57 AM    6    0.00    0.00   32.99    0.00    0.00    0.00    0.00   19.59    0.00   47.42
10:55:57 AM    7    0.00    0.00   55.10    0.00    0.00    0.00    0.00   20.41    0.00   24.49
10:55:57 AM    8    1.05    0.00   56.84    0.00    0.00    0.00    0.00   29.47    0.00   12.63
10:55:57 AM    9    1.03    0.00   39.18    0.00    0.00    0.00    0.00   21.65    0.00   38.14
10:55:57 AM   10    0.00    0.00    1.00    0.00    0.00    0.00    0.00    0.00    0.00   99.00
10:55:57 AM   11    0.00    0.00    5.15    0.00    0.00    0.00    0.00    0.00    0.00   94.85
10:55:57 AM   12    0.00    0.00    6.19    0.00    0.00    0.00    0.00    0.00    0.00   93.81
10:55:57 AM   13    0.00    0.00   52.38    0.00    0.00    0.00    0.00    0.00    0.00   47.62
10:55:57 AM   14    0.00    0.00    0.00    0.00    0.00    0.00    0.00    0.00    0.00  100.00
10:55:57 AM   15    0.00    0.00  100.00    0.00    0.00    0.00    0.00    0.00    0.00    0.00
10:55:57 AM   16    0.00    0.00   40.00    0.00    0.00    0.00    0.00   60.00    0.00    0.00
10:55:57 AM   17    0.00    0.00   52.48    0.00    0.00    0.00    0.00   47.52    0.00    0.00
10:55:57 AM   18    0.00    0.00   31.00    0.00    0.00    0.00    0.00   69.00    0.00    0.00
10:55:57 AM   19    0.00    0.00   63.64    0.00    0.00    0.00    0.00   36.36    0.00    0.00

10:55:57 AM  CPU    %usr   %nice    %sys %iowait    %irq   %soft  %steal  %guest  %gnice   %idle
10:55:58 AM  all    0.00    0.00   33.21    0.00    0.00    0.00    0.00   19.83    0.00   46.90
10:55:58 AM    0    0.00    0.00    0.00    0.00    0.00    0.00    0.00    0.00    0.00  100.00
10:55:58 AM    1    0.00    0.00    0.00    0.00    0.00    0.00    0.00    0.00    0.00  100.00
10:55:58 AM    2    0.00    0.00    5.05    0.00    0.00    0.00    0.00    0.00    0.00   94.95
10:55:58 AM    3    0.00    0.00   21.05    0.00    0.00    0.00    0.00    0.00    0.00   78.95
10:55:58 AM    4    0.00    0.00    2.08    0.00    0.00    0.00    0.00   48.96    0.00   48.96
10:55:58 AM    5    0.00    0.00   42.71    0.00    0.00    0.00    0.00    3.12    0.00   54.17
10:55:58 AM    6    0.00    0.00   24.74    0.00    0.00    0.00    0.00   32.99    0.00   42.27
10:55:58 AM    7    1.01    0.00   33.33    0.00    0.00    0.00    0.00   59.60    0.00    6.06
10:55:58 AM    8    0.00    0.00   46.00    0.00    0.00    0.00    0.00   54.00    0.00    0.00
10:55:58 AM    9    0.00    0.00   56.67    0.00    0.00    0.00    0.00    0.00    0.00   43.33
10:55:58 AM   10    0.00    0.00   10.64    0.00    0.00    0.00    0.00    0.00    0.00   89.36
10:55:58 AM   11    0.00    0.00    5.10    0.00    0.00    0.00    0.00    0.00    0.00   94.90
10:55:58 AM   12    0.00    0.00   18.95    0.00    0.00    0.00    0.00    0.00    0.00   81.05
10:55:58 AM   13    0.00    0.00   74.42    0.00    0.00    0.00    0.00    0.00    0.00   25.58
10:55:58 AM   14    0.00    0.00   27.96    0.00    0.00    0.00    0.00    0.00    0.00   72.04
10:55:58 AM   15    0.00    0.00  100.00    0.00    0.00    0.00    0.00    0.00    0.00    0.00
10:55:58 AM   16    0.00    0.00   39.00    0.00    0.00    0.00    0.00   61.00    0.00    0.00
10:55:58 AM   17    0.00    0.00   52.00    0.00    0.00    0.00    0.00   48.00    0.00    0.00
10:55:58 AM   18    0.00    0.00   54.00    0.00    0.00    0.00    0.00   46.00    0.00    0.00
10:55:58 AM   19    0.00    0.00   53.54    0.00    0.00    0.00    0.00   34.34    0.00   12.12

10:55:58 AM  CPU    %usr   %nice    %sys %iowait    %irq   %soft  %steal  %guest  %gnice   %idle
10:55:59 AM  all    0.00    0.00   32.80    0.00    0.00    0.00    0.00   20.98    0.00   46.22
10:55:59 AM    0    0.00    0.00    0.00    0.00    0.00    0.00    0.00    2.00    0.00   98.00
10:55:59 AM    1    0.00    0.00    0.00    0.00    0.00    0.00    0.00    0.00    0.00  100.00
10:55:59 AM    2    0.00    0.00    4.17    0.00    0.00    0.00    0.00   40.62    0.00   55.21
10:55:59 AM    3    0.00    0.00    0.00    0.00    0.00    0.00    0.00    0.00    0.00  100.00
10:55:59 AM    4    0.00    0.00    2.04    0.00    0.00    0.00    0.00   19.39    0.00   78.57
10:55:59 AM    5    0.00    0.00   32.98    0.00    0.00    0.00    0.00    0.00    0.00   67.02
10:55:59 AM    6    0.00    0.00   48.42    0.00    0.00    0.00    0.00    8.42    0.00   43.16
10:55:59 AM    7    0.00    0.00   30.00    0.00    0.00    0.00    0.00   70.00    0.00    0.00
10:55:59 AM    8    0.00    0.00   40.00    0.00    0.00    0.00    0.00   60.00    0.00    0.00
10:55:59 AM    9    0.00    0.00   33.68    0.00    0.00    0.00    0.00   15.79    0.00   50.53
10:55:59 AM   10    0.00    0.00    0.00    0.00    0.00    0.00    0.00    0.00    0.00  100.00
10:55:59 AM   11    0.00    0.00    0.00    0.00    0.00    0.00    0.00    0.00    0.00  100.00
10:55:59 AM   12    0.00    0.00   57.14    0.00    0.00    0.00    0.00    0.00    0.00   42.86
10:55:59 AM   13    0.00    0.00   80.46    0.00    0.00    0.00    0.00    0.00    0.00   19.54
10:55:59 AM   14    0.00    0.00   50.00    0.00    0.00    0.00    0.00    0.00    0.00   50.00
10:55:59 AM   15    0.00    0.00  100.00    0.00    0.00    0.00    0.00    0.00    0.00    0.00
10:55:59 AM   16    0.00    0.00   45.00    0.00    0.00    0.00    0.00   55.00    0.00    0.00
10:55:59 AM   17    0.00    0.00   52.00    0.00    0.00    0.00    0.00   48.00    0.00    0.00
10:55:59 AM   18    0.00    0.00   41.00    0.00    0.00    0.00    0.00   59.00    0.00    0.00
10:55:59 AM   19    0.00    0.00   48.00    0.00    0.00    0.00    0.00   33.00    0.00   19.00

10:55:59 AM  CPU    %usr   %nice    %sys %iowait    %irq   %soft  %steal  %guest  %gnice   %idle
10:56:00 AM  all    0.15    0.00   33.14    0.00    0.00    0.00    0.00   20.05    0.00   46.60
10:56:00 AM    0    1.02    0.00    3.06    0.00    0.00    0.00    0.00   30.61    0.00   65.31
10:56:00 AM    1    0.00    0.00    5.00    0.00    0.00    0.00    0.00   10.00    0.00   85.00
10:56:00 AM    2    0.00    0.00   10.31    0.00    0.00    0.00    0.00    0.00    0.00   89.69
10:56:00 AM    3    0.00    0.00   15.46    0.00    0.00    0.00    0.00    6.19    0.00   78.35
10:56:00 AM    4    0.00    0.00   25.53    0.00    0.00    0.00    0.00    3.19    0.00   71.28
10:56:00 AM    5    0.00    0.00   24.21    0.00    0.00    0.00    0.00   23.16    0.00   52.63
10:56:00 AM    6    1.04    0.00   36.46    0.00    0.00    0.00    0.00   17.71    0.00   44.79
10:56:00 AM    7    0.00    0.00   38.00    0.00    0.00    0.00    0.00   62.00    0.00    0.00
10:56:00 AM    8    0.00    0.00   57.29    0.00    0.00    0.00    0.00   30.21    0.00   12.50
10:56:00 AM    9    1.04    0.00   34.38    0.00    0.00    0.00    0.00   14.58    0.00   50.00
10:56:00 AM   10    0.00    0.00   31.18    0.00    0.00    0.00    0.00    1.08    0.00   67.74
10:56:00 AM   11    0.00    0.00    2.02    0.00    0.00    0.00    0.00    0.00    0.00   97.98
10:56:00 AM   12    0.00    0.00   25.27    0.00    0.00    0.00    0.00    0.00    0.00   74.73
10:56:00 AM   13    0.00    0.00   35.16    0.00    0.00    0.00    0.00    0.00    0.00   64.84
10:56:00 AM   14    0.00    0.00   19.59    0.00    0.00    0.00    0.00    0.00    0.00   80.41
10:56:00 AM   15    0.00    0.00  100.00    0.00    0.00    0.00    0.00    0.00    0.00    0.00
10:56:00 AM   16    0.00    0.00   39.00    0.00    0.00    0.00    0.00   61.00    0.00    0.00
10:56:00 AM   17    0.00    0.00   53.54    0.00    0.00    0.00    0.00   46.46    0.00    0.00
10:56:00 AM   18    0.00    0.00   47.52    0.00    0.00    0.00    0.00   52.48    0.00    0.00
10:56:00 AM   19    1.00    0.00   57.00    0.00    0.00    0.00    0.00   35.00    0.00    7.00

10:56:00 AM  CPU    %usr   %nice    %sys %iowait    %irq   %soft  %steal  %guest  %gnice   %idle
10:56:01 AM  all    0.00    0.00   33.09    0.05    0.00    0.00    0.00   20.06    0.00   46.79
10:56:01 AM    0    0.00    0.00   15.62    0.00    0.00    0.00    0.00    0.00    0.00   84.38
10:56:01 AM    1    0.00    0.00    7.22    0.00    0.00    0.00    0.00    0.00    0.00   92.78
10:56:01 AM    2    0.00    0.00    9.00    0.00    0.00    0.00    0.00    0.00    0.00   91.00
10:56:01 AM    3    0.00    0.00    9.28    1.03    0.00    0.00    0.00    0.00    0.00   89.69
10:56:01 AM    4    0.00    0.00    0.00    0.00    0.00    0.00    0.00    0.00    0.00  100.00
10:56:01 AM    5    0.00    0.00   53.76    0.00    0.00    0.00    0.00    9.68    0.00   36.56
10:56:01 AM    6    0.00    0.00   20.41    0.00    0.00    0.00    0.00   36.73    0.00   42.86
10:56:01 AM    7    0.00    0.00   33.00    0.00    0.00    0.00    0.00   67.00    0.00    0.00
10:56:01 AM    8    0.00    0.00   50.00    0.00    0.00    0.00    0.00   19.79    0.00   30.21
10:56:01 AM    9    0.00    0.00   28.87    0.00    0.00    0.00    0.00   41.24    0.00   29.90
10:56:01 AM   10    0.00    0.00   26.04    0.00    0.00    0.00    0.00    9.38    0.00   64.58
10:56:01 AM   11    0.00    0.00   26.14    0.00    0.00    0.00    0.00    0.00    0.00   73.86
10:56:01 AM   12    0.00    0.00   27.47    0.00    0.00    0.00    0.00    0.00    0.00   72.53
10:56:01 AM   13    0.00    0.00   43.33    0.00    0.00    0.00    0.00    0.00    0.00   56.67
10:56:01 AM   14    0.00    0.00   17.89    0.00    0.00    0.00    0.00    0.00    0.00   82.11
10:56:01 AM   15    0.00    0.00  100.00    0.00    0.00    0.00    0.00    0.00    0.00    0.00
10:56:01 AM   16    0.00    0.00   31.00    0.00    0.00    0.00    0.00   69.00    0.00    0.00
10:56:01 AM   17    0.00    0.00   50.50    0.00    0.00    0.00    0.00   49.50    0.00    0.00
10:56:01 AM   18    0.00    0.00   58.59    0.00    0.00    0.00    0.00   41.41    0.00    0.00
10:56:01 AM   19    0.00    0.00   52.00    0.00    0.00    0.00    0.00   48.00    0.00    0.00

10:56:01 AM  CPU    %usr   %nice    %sys %iowait    %irq   %soft  %steal  %guest  %gnice   %idle
10:56:02 AM  all    0.00    0.00   32.65    0.00    0.00    0.00    0.00   20.17    0.00   47.09
10:56:02 AM    0    0.00    0.00    0.98    0.00    0.00    0.00    0.00   10.78    0.00   88.24
10:56:02 AM    1    0.00    0.00    0.00    0.00    0.00    0.00    0.00    0.00    0.00  100.00
10:56:02 AM    2    0.00    0.00   38.71    0.00    0.00    0.00    0.00    0.00    0.00   61.29
10:56:02 AM    3    0.00    0.00    9.18    0.00    0.00    0.00    0.00   45.92    0.00   44.90
10:56:02 AM    4    0.00    0.00    2.06    0.00    0.00    0.00    0.00   13.40    0.00   84.54
10:56:02 AM    5    0.00    0.00   45.45    0.00    0.00    0.00    0.00   54.55    0.00    0.00
10:56:02 AM    6    0.00    0.00   43.16    0.00    0.00    0.00    0.00    4.21    0.00   52.63
10:56:02 AM    7    0.99    0.00   40.59    0.00    0.00    0.00    0.00   58.42    0.00    0.00
10:56:02 AM    8    0.00    0.00   30.11    0.00    0.00    0.00    0.00    4.30    0.00   65.59
10:56:02 AM    9    1.09    0.00   38.04    0.00    0.00    0.00    0.00   13.04    0.00   47.83
10:56:02 AM   10    0.00    0.00   14.74    0.00    0.00    0.00    0.00    4.21    0.00   81.05
10:56:02 AM   11    0.00    0.00   27.37    0.00    0.00    0.00    0.00    1.05    0.00   71.58
10:56:02 AM   12    0.00    0.00   31.11    0.00    0.00    0.00    0.00    0.00    0.00   68.89
10:56:02 AM   13    0.00    0.00   33.33    0.00    0.00    0.00    0.00    0.00    0.00   66.67
10:56:02 AM   14    0.00    0.00    0.00    0.00    0.00    0.00    0.00    0.00    0.00  100.00
10:56:02 AM   15    0.00    0.00  100.00    0.00    0.00    0.00    0.00    0.00    0.00    0.00
10:56:02 AM   16    0.00    0.00   48.00    0.00    0.00    0.00    0.00   52.00    0.00    0.00
10:56:02 AM   17    0.00    0.00   53.54    0.00    0.00    0.00    0.00   46.46    0.00    0.00
10:56:02 AM   18    0.00    0.00   44.00    0.00    0.00    0.00    0.00   56.00    0.00    0.00
10:56:02 AM   19    0.00    0.00   52.00    0.00    0.00    0.00    0.00   30.00    0.00   18.00

10:56:02 AM  CPU    %usr   %nice    %sys %iowait    %irq   %soft  %steal  %guest  %gnice   %idle
10:56:03 AM  all    0.05    0.00   33.13    0.00    0.00    0.05    0.00   20.24    0.00   46.38
10:56:03 AM    0    1.08    0.00    2.15    0.00    0.00    1.08    0.00   22.58    0.00   73.12
10:56:03 AM    1    0.00    0.00    0.00    0.00    0.00    0.00    0.00    9.00    0.00   91.00
10:56:03 AM    2    0.00    0.00    8.08    0.00    0.00    0.00    0.00    0.00    0.00   91.92
10:56:03 AM    3    0.00    0.00    8.99    0.00    0.00    0.00    0.00   39.33    0.00   51.69
10:56:03 AM    4    1.12    0.00   70.79    0.00    0.00    0.00    0.00    0.00    0.00   28.09
10:56:03 AM    5    0.00    0.00   36.63    0.00    0.00    0.00    0.00   63.37    0.00    0.00
10:56:03 AM    6    0.00    0.00   43.16    0.00    0.00    0.00    0.00   11.58    0.00   45.26
10:56:03 AM    7    0.00    0.00   40.59    0.00    0.00    0.00    0.00   35.64    0.00   23.76
10:56:03 AM    8    1.05    0.00   35.79    0.00    0.00    0.00    0.00   11.58    0.00   51.58
10:56:03 AM    9    0.00    0.00   42.86    0.00    0.00    0.00    0.00    0.00    0.00   57.14
10:56:03 AM   10    1.00    0.00    2.00    0.00    0.00    0.00    0.00    2.00    0.00   95.00
10:56:03 AM   11    0.00    0.00   41.57    0.00    0.00    0.00    0.00    0.00    0.00   58.43
10:56:03 AM   12    0.00    0.00    9.18    0.00    0.00    0.00    0.00    0.00    0.00   90.82
10:56:03 AM   13    0.00    0.00    7.22    0.00    0.00    0.00    0.00    0.00    0.00   92.78
10:56:03 AM   14    0.00    0.00   25.81    0.00    0.00    0.00    0.00    0.00    0.00   74.19
10:56:03 AM   15    0.00    0.00  100.00    0.00    0.00    0.00    0.00    0.00    0.00    0.00
10:56:03 AM   16    0.00    0.00   44.00    0.00    0.00    0.00    0.00   56.00    0.00    0.00
10:56:03 AM   17    0.00    0.00   57.43    0.00    0.00    0.00    0.00   42.57    0.00    0.00
10:56:03 AM   18    0.00    0.00   32.67    0.00    0.00    0.00    0.00   67.33    0.00    0.00
10:56:03 AM   19    0.00    0.00   53.00    0.00    0.00    0.00    0.00   35.00    0.00   12.00

10:56:03 AM  CPU    %usr   %nice    %sys %iowait    %irq   %soft  %steal  %guest  %gnice   %idle
10:56:04 AM  all    0.16    0.00   34.08    0.10    0.00    0.00    0.00   19.49    0.00   46.17
10:56:04 AM    0    0.00    0.00    2.02    0.00    0.00    0.00    0.00   19.19    0.00   78.79
10:56:04 AM    1    0.99    0.00    0.99    0.99    0.00    0.00    0.00    0.00    0.00   97.03
10:56:04 AM    2    1.18    0.00    9.41    0.00    0.00    0.00    0.00   34.12    0.00   55.29
10:56:04 AM    3    0.00    0.00    8.99    0.00    0.00    0.00    0.00   22.47    0.00   68.54
10:56:04 AM    4    0.00    0.00   40.66    0.00    0.00    0.00    0.00    0.00    0.00   59.34
10:56:04 AM    5    0.00    0.00   38.00    0.00    0.00    0.00    0.00   62.00    0.00    0.00
10:56:04 AM    6    0.00    0.00   53.00    0.00    0.00    0.00    0.00   47.00    0.00    0.00
10:56:04 AM    7    0.00    0.00    6.06    1.01    0.00    0.00    0.00    3.03    0.00   89.90
10:56:04 AM    8    0.00    0.00   56.18    0.00    0.00    0.00    0.00    0.00    0.00   43.82
10:56:04 AM    9    0.00    0.00   35.48    0.00    0.00    0.00    0.00    0.00    0.00   64.52
10:56:04 AM   10    0.00    0.00    6.19    0.00    0.00    0.00    0.00    0.00    0.00   93.81
10:56:04 AM   11    0.00    0.00   44.44    0.00    0.00    0.00    0.00    0.00    0.00   55.56
10:56:04 AM   12    0.00    0.00   21.28    0.00    0.00    0.00    0.00    0.00    0.00   78.72
10:56:04 AM   13    0.00    0.00    0.00    0.00    0.00    0.00    0.00    0.00    0.00  100.00
10:56:04 AM   14    0.00    0.00   57.61    0.00    0.00    0.00    0.00    0.00    0.00   42.39
10:56:04 AM   15    0.00    0.00  100.00    0.00    0.00    0.00    0.00    0.00    0.00    0.00
10:56:04 AM   16    0.00    0.00   44.00    0.00    0.00    0.00    0.00   56.00    0.00    0.00
10:56:04 AM   17    0.00    0.00   54.00    0.00    0.00    0.00    0.00   46.00    0.00    0.00
10:56:04 AM   18    0.00    0.00   43.00    0.00    0.00    0.00    0.00   56.00    0.00    1.00
10:56:04 AM   19    1.00    0.00   58.00    0.00    0.00    0.00    0.00   36.00    0.00    5.00

10:56:04 AM  CPU    %usr   %nice    %sys %iowait    %irq   %soft  %steal  %guest  %gnice   %idle
10:56:05 AM  all    0.05    0.00   33.97    0.00    0.00    0.05    0.00   19.91    0.00   45.97
10:56:05 AM    0    0.00    0.00    0.00    0.00    0.00    0.00    0.00    0.00    0.00  100.00
10:56:05 AM    1    0.00    0.00    4.04    0.00    0.00    0.00    0.00    0.00    0.00   95.96
10:56:05 AM    2    0.00    0.00   15.62    0.00    0.00    0.00    0.00    6.25    0.00   78.12
10:56:05 AM    3    0.00    0.00    4.12    0.00    0.00    0.00    0.00   43.30    0.00   52.58
10:56:05 AM    4    0.00    0.00    0.00    0.00    0.00    0.00    0.00    0.00    0.00  100.00
10:56:05 AM    5    0.00    0.00   28.00    0.00    0.00    0.00    0.00   55.00    0.00   17.00
10:56:05 AM    6    1.00    0.00   45.00    0.00    0.00    0.00    0.00   54.00    0.00    0.00
10:56:05 AM    7    0.00    0.00   37.76    0.00    0.00    0.00    0.00   40.82    0.00   21.43
10:56:05 AM    8    0.00    0.00   52.75    0.00    0.00    0.00    0.00    0.00    0.00   47.25
10:56:05 AM    9    0.00    0.00   10.42    0.00    0.00    0.00    0.00    0.00    0.00   89.58
10:56:05 AM   10    0.00    0.00   26.04    0.00    0.00    0.00    0.00    0.00    0.00   73.96
10:56:05 AM   11    0.00    0.00   32.22    0.00    0.00    0.00    0.00    0.00    0.00   67.78
10:56:05 AM   12    0.00    0.00   51.72    0.00    0.00    0.00    0.00    0.00    0.00   48.28
10:56:05 AM   13    0.00    0.00   26.60    0.00    0.00    1.06    0.00    0.00    0.00   72.34
10:56:05 AM   14    0.00    0.00   49.45    0.00    0.00    0.00    0.00    0.00    0.00   50.55
10:56:05 AM   15    0.00    0.00  100.00    0.00    0.00    0.00    0.00    0.00    0.00    0.00
10:56:05 AM   16    0.00    0.00   43.56    0.00    0.00    0.00    0.00   56.44    0.00    0.00
10:56:05 AM   17    1.00    0.00   53.00    0.00    0.00    0.00    0.00   46.00    0.00    0.00
10:56:05 AM   18    0.00    0.00   46.46    0.00    0.00    0.00    0.00   39.39    0.00   14.14
10:56:05 AM   19    0.00    0.00   54.00    0.00    0.00    0.00    0.00   46.00    0.00    0.00

10:56:05 AM  CPU    %usr   %nice    %sys %iowait    %irq   %soft  %steal  %guest  %gnice   %idle
10:56:06 AM  all    0.00    0.00   33.30    0.00    0.00    0.00    0.00   21.37    0.00   45.22
10:56:06 AM    0    0.00    0.00    0.00    0.00    0.00    0.00    0.00    0.00    0.00  100.00
10:56:06 AM    1    0.00    0.00    0.00    0.00    0.00    0.00    0.00    0.00    0.00  100.00
10:56:06 AM    2    0.00    0.00    1.00    0.00    0.00    0.00    0.00    0.00    0.00   99.00
10:56:06 AM    3    0.00    0.00    0.00    0.00    0.00    0.00    0.00    7.00    0.00   93.00
10:56:06 AM    4    1.01    0.00    3.03    0.00    0.00    0.00    0.00   47.47    0.00   48.48
10:56:06 AM    5    0.00    0.00   23.96    0.00    0.00    0.00    0.00   34.38    0.00   41.67
10:56:06 AM    6    0.00    0.00   34.65    0.00    0.00    0.00    0.00   65.35    0.00    0.00
10:56:06 AM    7    0.00    0.00   10.00    0.00    0.00    0.00    0.00   16.00    0.00   74.00
10:56:06 AM    8    0.00    0.00   68.89    0.00    0.00    0.00    0.00    0.00    0.00   31.11
10:56:06 AM    9    0.00    0.00   26.00    0.00    0.00    0.00    0.00   49.00    0.00   25.00
10:56:06 AM   10    0.00    0.00   17.53    0.00    0.00    0.00    0.00    0.00    0.00   82.47
10:56:06 AM   11    0.00    0.00   78.82    0.00    0.00    0.00    0.00    0.00    0.00   21.18
10:56:06 AM   12    0.00    0.00   73.17    0.00    0.00    0.00    0.00    0.00    0.00   26.83
10:56:06 AM   13    0.00    0.00   57.78    0.00    0.00    0.00    0.00    0.00    0.00   42.22
10:56:06 AM   14    0.00    0.00    0.00    0.00    0.00    0.00    0.00    0.00    0.00  100.00
10:56:06 AM   15    0.00    0.00  100.00    0.00    0.00    0.00    0.00    0.00    0.00    0.00
10:56:06 AM   16    1.00    0.00   33.00    0.00    0.00    0.00    0.00   66.00    0.00    0.00
10:56:06 AM   17    0.00    0.00   54.46    0.00    0.00    0.00    0.00   45.54    0.00    0.00
10:56:06 AM   18    0.00    0.00   46.39    0.00    0.00    0.00    0.00   41.24    0.00   12.37
10:56:06 AM   19    0.00    0.00   56.00    0.00    0.00    0.00    0.00   44.00    0.00    0.00

10:56:06 AM  CPU    %usr   %nice    %sys %iowait    %irq   %soft  %steal  %guest  %gnice   %idle
10:56:07 AM  all    0.05    0.00   33.04    0.00    0.00    0.00    0.00   20.05    0.00   46.80
10:56:07 AM    0    0.00    0.00   33.70    0.00    0.00    0.00    0.00    0.00    0.00   66.30
10:56:07 AM    1    0.00    0.00    0.00    0.00    0.00    0.00    0.00    0.00    0.00  100.00
10:56:07 AM    2    0.00    0.00   17.89    0.00    0.00    0.00    0.00    0.00    0.00   82.11
10:56:07 AM    3    0.00    0.00    0.00    0.00    0.00    0.00    0.00    0.00    0.00  100.00
10:56:07 AM    4    0.00    0.00    1.01    0.00    0.00    0.00    0.00   54.55    0.00   44.44
10:56:07 AM    5    0.00    0.00   41.05    0.00    0.00    0.00    0.00   16.84    0.00   42.11
10:56:07 AM    6    0.99    0.00   39.60    0.00    0.00    0.00    0.00   59.41    0.00    0.00
10:56:07 AM    7    0.00    0.00   22.92    0.00    0.00    0.00    0.00   18.75    0.00   58.33
10:56:07 AM    8    0.00    0.00   56.57    0.00    0.00    0.00    0.00   34.34    0.00    9.09
10:56:07 AM    9    0.00    0.00   52.75    0.00    0.00    0.00    0.00   15.38    0.00   31.87
10:56:07 AM   10    0.00    0.00   19.15    0.00    0.00    0.00    0.00    0.00    0.00   80.85
10:56:07 AM   11    0.00    0.00   22.11    0.00    0.00    0.00    0.00    0.00    0.00   77.89
10:56:07 AM   12    0.00    0.00   58.14    0.00    0.00    0.00    0.00    0.00    0.00   41.86
10:56:07 AM   13    1.01    0.00    9.09    0.00    0.00    0.00    0.00    0.00    0.00   89.90
10:56:07 AM   14    0.00    0.00    0.00    0.00    0.00    0.00    0.00    0.00    0.00  100.00
10:56:07 AM   15    0.00    0.00  100.00    0.00    0.00    0.00    0.00    0.00    0.00    0.00
10:56:07 AM   16    0.00    0.00   43.00    0.00    0.00    0.00    0.00   57.00    0.00    0.00
10:56:07 AM   17    0.00    0.00   57.58    0.00    0.00    0.00    0.00   42.42    0.00    0.00
10:56:07 AM   18    0.00    0.00   49.00    0.00    0.00    0.00    0.00   34.00    0.00   17.00
10:56:07 AM   19    0.00    0.00   40.00    0.00    0.00    0.00    0.00   60.00    0.00    0.00

10:56:07 AM  CPU    %usr   %nice    %sys %iowait    %irq   %soft  %steal  %guest  %gnice   %idle
10:56:08 AM  all    0.00    0.00   34.82    0.00    0.00    0.00    0.00   18.81    0.00   46.27
10:56:08 AM    0    0.00    0.00   15.62    0.00    0.00    0.00    0.00    0.00    0.00   84.38
10:56:08 AM    1    0.00    0.00   23.47    0.00    0.00    0.00    0.00    0.00    0.00   76.53
10:56:08 AM    2    0.00    0.00   47.73    0.00    0.00    0.00    0.00    0.00    0.00   52.27
10:56:08 AM    3    0.00    0.00   69.41    0.00    0.00    0.00    0.00    0.00    0.00   30.59
10:56:08 AM    4    0.00    0.00    2.02    0.00    0.00    0.00    0.00   50.51    0.00   47.47
10:56:08 AM    5    1.03    0.00   39.18    0.00    0.00    0.00    0.00   24.74    0.00   35.05
10:56:08 AM    6    0.00    0.00   43.43    0.00    0.00    0.00    0.00   34.34    0.00   22.22
10:56:08 AM    7    1.06    0.00   39.36    0.00    0.00    0.00    0.00   15.96    0.00   43.62
10:56:08 AM    8    0.00    0.00   48.98    0.00    0.00    0.00    0.00   27.55    0.00   23.47
10:56:08 AM    9    0.00    0.00   15.46    0.00    0.00    0.00    0.00    9.28    0.00   75.26
10:56:08 AM   10    0.00    0.00    1.00    0.00    0.00    0.00    0.00    2.00    0.00   97.00
10:56:08 AM   11    0.00    0.00   33.71    0.00    0.00    0.00    0.00   13.48    0.00   52.81
10:56:08 AM   12    0.00    0.00    7.37    0.00    0.00    0.00    0.00    0.00    0.00   92.63
10:56:08 AM   13    0.00    0.00    0.00    0.00    0.00    0.00    0.00    0.00    0.00  100.00
10:56:08 AM   14    0.00    0.00   14.58    0.00    0.00    0.00    0.00    0.00    0.00   85.42
10:56:08 AM   15    0.00    0.00  100.00    0.00    0.00    0.00    0.00    0.00    0.00    0.00
10:56:08 AM   16    0.00    0.00   55.00    0.00    0.00    0.00    0.00   45.00    0.00    0.00
10:56:08 AM   17    0.00    0.00   56.00    0.00    0.00    0.00    0.00   44.00    0.00    0.00
10:56:08 AM   18    0.00    0.00   53.54    0.00    0.00    0.00    0.00   35.35    0.00   11.11
10:56:08 AM   19    0.00    0.00   34.00    0.00    0.00    0.00    0.00   66.00    0.00    0.00

10:56:08 AM  CPU    %usr   %nice    %sys %iowait    %irq   %soft  %steal  %guest  %gnice   %idle
10:56:09 AM  all    0.10    0.00   34.04    0.00    0.00    0.00    0.00   20.20    0.00   45.60
10:56:09 AM    0    0.00    0.00    0.00    0.00    0.00    0.00    0.00    1.00    0.00   99.00
10:56:09 AM    1    0.00    0.00   10.20    0.00    0.00    0.00    0.00    8.16    0.00   81.63
10:56:09 AM    2    0.00    0.00   19.78    0.00    0.00    0.00    0.00   18.68    0.00   61.54
10:56:09 AM    3    0.00    0.00    8.16    0.00    0.00    0.00    0.00    0.00    0.00   91.84
10:56:09 AM    4    0.00    0.00    2.06    0.00    0.00    0.00    0.00    4.12    0.00   93.81
10:56:09 AM    5    0.00    0.00   39.00    0.00    0.00    0.00    0.00   61.00    0.00    0.00
10:56:09 AM    6    1.06    0.00   34.04    0.00    0.00    0.00    0.00    1.06    0.00   63.83
10:56:09 AM    7    0.00    0.00   39.00    0.00    0.00    0.00    0.00   61.00    0.00    0.00
10:56:09 AM    8    0.00    0.00   21.65    0.00    0.00    0.00    0.00    0.00    0.00   78.35
10:56:09 AM    9    0.00    0.00   12.24    0.00    0.00    0.00    0.00   12.24    0.00   75.51
10:56:09 AM   10    0.00    0.00   46.07    0.00    0.00    0.00    0.00    0.00    0.00   53.93
10:56:09 AM   11    0.00    0.00   53.93    0.00    0.00    0.00    0.00    5.62    0.00   40.45
10:56:09 AM   12    1.15    0.00   10.34    0.00    0.00    0.00    0.00   28.74    0.00   59.77
10:56:09 AM   13    0.00    0.00   45.65    0.00    0.00    0.00    0.00    0.00    0.00   54.35
10:56:09 AM   14    0.00    0.00   44.44    0.00    0.00    0.00    0.00    0.00    0.00   55.56
10:56:09 AM   15    0.00    0.00  100.00    0.00    0.00    0.00    0.00    0.00    0.00    0.00
10:56:09 AM   16    0.00    0.00   38.00    0.00    0.00    0.00    0.00   62.00    0.00    0.00
10:56:09 AM   17    0.00    0.00   58.42    0.00    0.00    0.00    0.00   41.58    0.00    0.00
10:56:09 AM   18    0.00    0.00   47.47    0.00    0.00    0.00    0.00   39.39    0.00   13.13
10:56:09 AM   19    0.99    0.00   48.51    0.00    0.00    0.00    0.00   49.50    0.00    0.99

10:56:09 AM  CPU    %usr   %nice    %sys %iowait    %irq   %soft  %steal  %guest  %gnice   %idle
10:56:10 AM  all    0.00    0.00   32.78    0.00    0.00    0.10    0.00   20.24    0.00   46.88
10:56:10 AM    0    0.00    0.00    4.04    0.00    0.00    0.00    0.00    0.00    0.00   95.96
10:56:10 AM    1    0.00    0.00    0.00    0.00    0.00    0.00    0.00    0.00    0.00  100.00
10:56:10 AM    2    0.00    0.00    3.49    0.00    0.00    0.00    0.00   39.53    0.00   56.98
10:56:10 AM    3    0.00    0.00    5.10    0.00    0.00    0.00    0.00    0.00    0.00   94.90
10:56:10 AM    4    0.00    0.00    0.00    0.00    0.00    0.00    0.00    0.00    0.00  100.00
10:56:10 AM    5    0.00    0.00   46.00    0.00    0.00    0.00    0.00   54.00    0.00    0.00
10:56:10 AM    6    0.00    0.00   26.00    0.00    0.00    0.00    0.00   74.00    0.00    0.00
10:56:10 AM    7    0.00    0.00   44.00    0.00    0.00    0.00    0.00   56.00    0.00    0.00
10:56:10 AM    8    0.00    0.00   56.67    0.00    0.00    1.11    0.00    0.00    0.00   42.22
10:56:10 AM    9    0.00    0.00   34.38    0.00    0.00    0.00    0.00    0.00    0.00   65.62
10:56:10 AM   10    0.00    0.00   45.05    0.00    0.00    1.10    0.00    0.00    0.00   53.85
10:56:10 AM   11    0.00    0.00   47.73    0.00    0.00    0.00    0.00    0.00    0.00   52.27
10:56:10 AM   12    0.00    0.00   16.85    0.00    0.00    0.00    0.00   35.96    0.00   47.19
10:56:10 AM   13    0.00    0.00    9.18    0.00    0.00    0.00    0.00    0.00    0.00   90.82
10:56:10 AM   14    0.00    0.00   29.79    0.00    0.00    0.00    0.00    0.00    0.00   70.21
10:56:10 AM   15    0.00    0.00  100.00    0.00    0.00    0.00    0.00    0.00    0.00    0.00
10:56:10 AM   16    0.00    0.00   41.00    0.00    0.00    0.00    0.00   59.00    0.00    0.00
10:56:10 AM   17    0.00    0.00   58.00    0.00    0.00    0.00    0.00   42.00    0.00    0.00
10:56:10 AM   18    0.00    0.00   32.98    0.00    0.00    0.00    0.00    0.00    0.00   67.02
10:56:10 AM   19    0.00    0.00   53.00    0.00    0.00    0.00    0.00   38.00    0.00    9.00

10:56:10 AM  CPU    %usr   %nice    %sys %iowait    %irq   %soft  %steal  %guest  %gnice   %idle
10:56:11 AM  all    0.00    0.00   33.57    0.00    0.00    0.05    0.00   21.28    0.00   44.99
10:56:11 AM    0    0.00    0.00    1.00    0.00    0.00    0.00    0.00    2.00    0.00   97.00
10:56:11 AM    1    0.00    0.00    4.08    0.00    0.00    0.00    0.00   36.73    0.00   59.18
10:56:11 AM    2    1.03    0.00    0.00    0.00    0.00    0.00    0.00    3.09    0.00   95.88
10:56:11 AM    3    0.00    0.00    0.00    0.00    0.00    0.00    0.00    0.00    0.00  100.00
10:56:11 AM    4    0.00    0.00    0.00    0.00    0.00    0.00    0.00    0.00    0.00  100.00
10:56:11 AM    5    0.00    0.00   47.42    0.00    0.00    0.00    0.00   41.24    0.00   11.34
10:56:11 AM    6    0.00    0.00   34.00    0.00    0.00    0.00    0.00   66.00    0.00    0.00
10:56:11 AM    7    0.00    0.00   36.00    0.00    0.00    0.00    0.00   64.00    0.00    0.00
10:56:11 AM    8    0.00    0.00   46.74    0.00    0.00    0.00    0.00    9.78    0.00   43.48
10:56:11 AM    9    0.00    0.00   23.47    0.00    0.00    0.00    0.00    0.00    0.00   76.53
10:56:11 AM   10    0.00    0.00   59.34    0.00    0.00    0.00    0.00    0.00    0.00   40.66
10:56:11 AM   11    1.12    0.00   40.45    0.00    0.00    0.00    0.00    5.62    0.00   52.81
10:56:11 AM   12    0.00    0.00   58.62    0.00    0.00    0.00    0.00   12.64    0.00   28.74
10:56:11 AM   13    0.00    0.00   23.66    0.00    0.00    0.00    0.00    5.38    0.00   70.97
10:56:11 AM   14    0.00    0.00   32.63    0.00    0.00    0.00    0.00    0.00    0.00   67.37
10:56:11 AM   15    0.00    0.00  100.00    0.00    0.00    0.00    0.00    0.00    0.00    0.00
10:56:11 AM   16    0.00    0.00   33.66    0.00    0.00    0.00    0.00   66.34    0.00    0.00
10:56:11 AM   17    0.00    0.00   56.00    0.00    0.00    0.00    0.00   44.00    0.00    0.00
10:56:11 AM   18    0.00    0.00   31.31    0.00    0.00    1.01    0.00   22.22    0.00   45.45
10:56:11 AM   19    0.00    0.00   48.48    0.00    0.00    0.00    0.00   38.38    0.00   13.13

10:56:11 AM  CPU    %usr   %nice    %sys %iowait    %irq   %soft  %steal  %guest  %gnice   %idle
10:56:12 AM  all    0.26    0.00   33.99    0.00    0.00    0.00    0.00   20.11    0.00   45.64
10:56:12 AM    0    1.04    0.00   27.08    0.00    0.00    0.00    0.00    0.00    0.00   71.88
10:56:12 AM    1    0.00    0.00    2.08    0.00    0.00    0.00    0.00   50.00    0.00   47.92
10:56:12 AM    2    0.00    0.00    0.00    0.00    0.00    0.00    0.00    0.00    0.00  100.00
10:56:12 AM    3    0.00    0.00    0.00    0.00    0.00    0.00    0.00    0.00    0.00  100.00
10:56:12 AM    4    0.00    0.00    0.00    0.00    0.00    0.00    0.00    0.00    0.00  100.00
10:56:12 AM    5    0.00    0.00   56.52    0.00    0.00    0.00    0.00    8.70    0.00   34.78
10:56:12 AM    6    0.00    0.00   36.36    0.00    0.00    0.00    0.00   24.24    0.00   39.39
10:56:12 AM    7    0.99    0.00   35.64    0.00    0.00    0.00    0.00   63.37    0.00    0.00
10:56:12 AM    8    0.00    0.00   41.24    0.00    0.00    0.00    0.00   40.21    0.00   18.56
10:56:12 AM    9    0.00    0.00   28.57    0.00    0.00    0.00    0.00   31.63    0.00   39.80
10:56:12 AM   10    0.00    0.00   10.10    0.00    0.00    0.00    0.00    0.00    0.00   89.90
10:56:12 AM   11    0.00    0.00   25.81    0.00    0.00    0.00    0.00    0.00    0.00   74.19
10:56:12 AM   12    0.00    0.00   79.27    0.00    0.00    0.00    0.00    0.00    0.00   20.73
10:56:12 AM   13    0.00    0.00   67.05    0.00    0.00    0.00    0.00    0.00    0.00   32.95
10:56:12 AM   14    1.00    0.00    0.00    0.00    0.00    0.00    0.00    0.00    0.00   99.00
10:56:12 AM   15    0.00    0.00  100.00    0.00    0.00    0.00    0.00    0.00    0.00    0.00
10:56:12 AM   16    1.00    0.00   33.00    0.00    0.00    0.00    0.00   66.00    0.00    0.00
10:56:12 AM   17    1.00    0.00   55.00    0.00    0.00    0.00    0.00   44.00    0.00    0.00
10:56:12 AM   18    0.00    0.00   47.47    0.00    0.00    0.00    0.00   35.35    0.00   17.17
10:56:12 AM   19    0.00    0.00   46.46    0.00    0.00    0.00    0.00   31.31    0.00   22.22

10:56:12 AM  CPU    %usr   %nice    %sys %iowait    %irq   %soft  %steal  %guest  %gnice   %idle
10:56:13 AM  all    0.00    0.00   36.77    0.00    0.00    0.00    0.00   19.82    0.00   43.31
10:56:13 AM    0    0.00    0.00    1.00    0.00    0.00    0.00    0.00    0.00    0.00   99.00
10:56:13 AM    1    0.00    0.00    4.08    0.00    0.00    0.00    0.00   11.22    0.00   84.69
10:56:13 AM    2    0.00    0.00    0.00    0.00    0.00    0.00    0.00    0.00    0.00  100.00
10:56:13 AM    3    0.00    0.00    0.00    0.00    0.00    0.00    0.00    0.00    0.00  100.00
10:56:13 AM    4    0.00    0.00    0.00    0.00    0.00    0.00    0.00    0.00    0.00  100.00
10:56:13 AM    5    0.00    0.00   32.29    0.00    0.00    0.00    0.00   17.71    0.00   50.00
10:56:13 AM    6    1.06    0.00   51.06    0.00    0.00    0.00    0.00   15.96    0.00   31.91
10:56:13 AM    7    0.00    0.00   35.00    0.00    0.00    0.00    0.00   65.00    0.00    0.00
10:56:13 AM    8    0.00    0.00   41.58    0.00    0.00    0.00    0.00   58.42    0.00    0.00
10:56:13 AM    9    0.00    0.00   42.00    0.00    0.00    0.00    0.00   58.00    0.00    0.00
10:56:13 AM   10    0.00    0.00   61.80    0.00    0.00    0.00    0.00    2.25    0.00   35.96
10:56:13 AM   11    0.00    0.00   81.93    0.00    0.00    0.00    0.00    0.00    0.00   18.07
10:56:13 AM   12    0.00    0.00   77.65    0.00    0.00    0.00    0.00    0.00    0.00   22.35
10:56:13 AM   13    1.01    0.00   16.16    0.00    0.00    0.00    0.00    1.01    0.00   81.82
10:56:13 AM   14    0.00    0.00    0.00    0.00    0.00    0.00    0.00    0.00    0.00  100.00
10:56:13 AM   15    0.00    0.00  100.00    0.00    0.00    0.00    0.00    0.00    0.00    0.00
10:56:13 AM   16    0.00    0.00   46.00    0.00    0.00    0.00    0.00   54.00    0.00    0.00
10:56:13 AM   17    0.00    0.00   54.46    0.00    0.00    0.00    0.00   45.54    0.00    0.00
10:56:13 AM   18    0.00    0.00   57.58    0.00    0.00    0.00    0.00   31.31    0.00   11.11
10:56:13 AM   19    0.00    0.00   49.48    0.00    0.00    0.00    0.00   26.80    0.00   23.71

10:56:13 AM  CPU    %usr   %nice    %sys %iowait    %irq   %soft  %steal  %guest  %gnice   %idle
10:56:14 AM  all    0.00    0.00   34.33    0.00    0.00    0.05    0.00   19.65    0.00   45.86
10:56:14 AM    0    0.00    0.00    0.00    0.00    0.00    0.00    0.00    0.00    0.00  100.00
10:56:14 AM    1    0.00    0.00    0.00    0.00    0.00    0.00    0.00    0.00    0.00  100.00
10:56:14 AM    2    0.00    0.00    7.14    0.00    0.00    0.00    0.00    0.00    0.00   92.86
10:56:14 AM    3    0.00    0.00    0.99    0.00    0.00    0.00    0.00    0.00    0.00   99.01
10:56:14 AM    4    0.00    0.00    0.00    0.00    0.00    0.00    0.00    0.00    0.00  100.00
10:56:14 AM    5    0.00    0.00   28.87    0.00    0.00    0.00    0.00   34.02    0.00   37.11
10:56:14 AM    6    0.00    0.00   24.21    0.00    0.00    0.00    0.00   31.58    0.00   44.21
10:56:14 AM    7    0.00    0.00   35.00    0.00    0.00    0.00    0.00   65.00    0.00    0.00
10:56:14 AM    8    0.00    0.00   51.09    0.00    0.00    0.00    0.00   15.22    0.00   33.70
10:56:14 AM    9    0.00    0.00   38.61    0.00    0.00    0.00    0.00   61.39    0.00    0.00
10:56:14 AM   10    1.14    0.00   63.64    0.00    0.00    0.00    0.00    1.14    0.00   34.09
10:56:14 AM   11    0.00    0.00   37.36    0.00    0.00    0.00    0.00    0.00    0.00   62.64
10:56:14 AM   12    0.00    0.00   25.81    0.00    0.00    0.00    0.00    0.00    0.00   74.19
10:56:14 AM   13    0.00    0.00   30.85    0.00    0.00    0.00    0.00    0.00    0.00   69.15
10:56:14 AM   14    0.00    0.00   62.07    0.00    0.00    1.15    0.00    0.00    0.00   36.78
10:56:14 AM   15    0.00    0.00  100.00    0.00    0.00    0.00    0.00    0.00    0.00    0.00
10:56:14 AM   16    0.00    0.00   52.48    0.00    0.00    0.00    0.00   47.52    0.00    0.00
10:56:14 AM   17    0.99    0.00   50.50    0.00    0.00    0.00    0.00   48.51    0.00    0.00
10:56:14 AM   18    0.00    0.00   40.00    0.00    0.00    0.00    0.00   51.00    0.00    9.00
10:56:14 AM   19    0.00    0.00   44.33    0.00    0.00    0.00    0.00   27.84    0.00   27.84

10:56:14 AM  CPU    %usr   %nice    %sys %iowait    %irq   %soft  %steal  %guest  %gnice   %idle
10:56:15 AM  all    0.05    0.00   33.75    0.00    0.00    0.00    0.00   20.92    0.00   45.22
10:56:15 AM    0    0.00    0.00    0.00    0.00    0.00    0.00    0.00    0.00    0.00  100.00
10:56:15 AM    1    0.00    0.00    8.25    0.00    0.00    0.00    0.00   48.45    0.00   43.30
10:56:15 AM    2    0.00    0.00    0.00    0.00    0.00    0.00    0.00    0.00    0.00  100.00
10:56:15 AM    3    0.00    0.00    0.00    0.00    0.00    0.00    0.00    0.00    0.00  100.00
10:56:15 AM    4    0.00    0.00    0.00    0.00    0.00    0.00    0.00    0.00    0.00  100.00
10:56:15 AM    5    0.00    0.00    6.12    0.00    0.00    0.00    0.00    0.00    0.00   93.88
10:56:15 AM    6    0.00    0.00    5.94    0.00    0.00    0.00    0.00    6.93    0.00   87.13
10:56:15 AM    7    0.99    0.00   36.63    0.00    0.00    0.00    0.00   62.38    0.00    0.00
10:56:15 AM    8    0.00    0.00   67.42    0.00    0.00    0.00    0.00    0.00    0.00   32.58
10:56:15 AM    9    1.00    0.00   39.00    0.00    0.00    0.00    0.00   60.00    0.00    0.00
10:56:15 AM   10    0.00    0.00    3.41    0.00    0.00    0.00    0.00   38.64    0.00   57.95
10:56:15 AM   11    0.00    0.00   62.07    0.00    0.00    0.00    0.00    0.00    0.00   37.93
10:56:15 AM   12    0.00    0.00   61.63    0.00    0.00    0.00    0.00    0.00    0.00   38.37
10:56:15 AM   13    0.00    0.00   31.58    0.00    0.00    0.00    0.00    0.00    0.00   68.42
10:56:15 AM   14    0.00    0.00   69.32    0.00    0.00    0.00    0.00    0.00    0.00   30.68
10:56:15 AM   15    0.00    0.00  100.00    0.00    0.00    0.00    0.00    0.00    0.00    0.00
10:56:15 AM   16    0.00    0.00   52.53    0.00    0.00    0.00    0.00   47.47    0.00    0.00
10:56:15 AM   17    0.00    0.00   55.56    0.00    0.00    0.00    0.00   44.44    0.00    0.00
10:56:15 AM   18    0.00    0.00   38.38    0.00    0.00    0.00    0.00   61.62    0.00    0.00
10:56:15 AM   19    0.00    0.00   48.00    0.00    0.00    0.00    0.00   40.00    0.00   12.00

10:56:15 AM  CPU    %usr   %nice    %sys %iowait    %irq   %soft  %steal  %guest  %gnice   %idle
10:56:16 AM  all    0.10    0.00   34.37    0.00    0.00    0.00    0.00   19.83    0.00   45.69
10:56:16 AM    0    0.00    0.00    0.00    0.00    0.00    0.00    0.00    0.00    0.00  100.00
10:56:16 AM    1    1.09    0.00    6.52    0.00    0.00    0.00    0.00   52.17    0.00   40.22
10:56:16 AM    2    0.00    0.00    0.99    0.00    0.00    0.00    0.00    0.00    0.00   99.01
10:56:16 AM    3    0.00    0.00   20.62    0.00    0.00    0.00    0.00    0.00    0.00   79.38
10:56:16 AM    4    0.99    0.00    0.00    0.00    0.00    0.00    0.00    0.00    0.00   99.01
10:56:16 AM    5    0.00    0.00   40.66    0.00    0.00    0.00    0.00    0.00    0.00   59.34
10:56:16 AM    6    0.00    0.00    6.00    0.00    0.00    0.00    0.00    0.00    0.00   94.00
10:56:16 AM    7    0.00    0.00   39.00    0.00    0.00    0.00    0.00   61.00    0.00    0.00
10:56:16 AM    8    0.00    0.00   26.32    0.00    0.00    0.00    0.00    0.00    0.00   73.68
10:56:16 AM    9    0.00    0.00   46.00    0.00    0.00    0.00    0.00   54.00    0.00    0.00
10:56:16 AM   10    0.00    0.00   20.65    0.00    0.00    0.00    0.00   31.52    0.00   47.83
10:56:16 AM   11    0.00    0.00   22.58    0.00    0.00    0.00    0.00    7.53    0.00   69.89
10:56:16 AM   12    0.00    0.00   67.44    0.00    0.00    0.00    0.00    0.00    0.00   32.56
10:56:16 AM   13    0.00    0.00   82.93    0.00    0.00    0.00    0.00    0.00    0.00   17.07
10:56:16 AM   14    0.00    0.00    8.16    0.00    0.00    0.00    0.00    0.00    0.00   91.84
10:56:16 AM   15    0.00    0.00  100.00    0.00    0.00    0.00    0.00    0.00    0.00    0.00
10:56:16 AM   16    0.00    0.00   58.00    0.00    0.00    0.00    0.00   42.00    0.00    0.00
10:56:16 AM   17    0.00    0.00   61.00    0.00    0.00    0.00    0.00   39.00    0.00    0.00
10:56:16 AM   18    0.00    0.00   38.00    0.00    0.00    0.00    0.00   62.00    0.00    0.00
10:56:16 AM   19    0.00    0.00   51.52    0.00    0.00    0.00    0.00   40.40    0.00    8.08

10:56:16 AM  CPU    %usr   %nice    %sys %iowait    %irq   %soft  %steal  %guest  %gnice   %idle
10:56:17 AM  all    0.00    0.00   33.75    0.00    0.00    0.00    0.00   19.90    0.00   46.25
10:56:17 AM    0    0.00    0.00    4.04    0.00    0.00    0.00    0.00    0.00    0.00   95.96
10:56:17 AM    1    0.00    0.00   10.23    0.00    0.00    0.00    0.00   39.77    0.00   50.00
10:56:17 AM    2    0.00    0.00    0.00    0.00    0.00    0.00    0.00    0.00    0.00  100.00
10:56:17 AM    3    0.00    0.00    0.00    0.00    0.00    0.00    0.00    0.00    0.00  100.00
10:56:17 AM    4    0.00    0.00    0.99    0.00    0.00    0.00    0.00    0.00    0.00   99.01
10:56:17 AM    5    1.11    0.00   58.89    0.00    0.00    0.00    0.00    2.22    0.00   37.78
10:56:17 AM    6    0.00    0.00   18.75    0.00    0.00    0.00    0.00    0.00    0.00   81.25
10:56:17 AM    7    0.00    0.00   39.00    0.00    0.00    0.00    0.00   61.00    0.00    0.00
10:56:17 AM    8    0.00    0.00   17.53    0.00    0.00    0.00    0.00    0.00    0.00   82.47
10:56:17 AM    9    0.00    0.00   42.57    0.00    0.00    0.00    0.00   57.43    0.00    0.00
10:56:17 AM   10    1.10    0.00   41.76    0.00    0.00    0.00    0.00   18.68    0.00   38.46
10:56:17 AM   11    0.00    0.00   30.43    0.00    0.00    0.00    0.00   19.57    0.00   50.00
10:56:17 AM   12    0.00    0.00   77.91    0.00    0.00    0.00    0.00    0.00    0.00   22.09
10:56:17 AM   13    0.00    0.00   38.71    0.00    0.00    0.00    0.00    0.00    0.00   61.29
10:56:17 AM   14    0.00    0.00    1.00    0.00    0.00    0.00    0.00    0.00    0.00   99.00
10:56:17 AM   15    0.00    0.00  100.00    0.00    0.00    0.00    0.00    0.00    0.00    0.00
10:56:17 AM   16    0.00    0.00   49.50    0.00    0.00    0.00    0.00   50.50    0.00    0.00
10:56:17 AM   17    0.00    0.00   61.00    0.00    0.00    0.00    0.00   39.00    0.00    0.00
10:56:17 AM   18    0.00    0.00   33.66    0.00    0.00    0.00    0.00   66.34    0.00    0.00
10:56:17 AM   19    0.00    0.00   54.00    0.00    0.00    0.00    0.00   37.00    0.00    9.00

10:56:17 AM  CPU    %usr   %nice    %sys %iowait    %irq   %soft  %steal  %guest  %gnice   %idle
10:56:18 AM  all    0.00    0.00   31.28    0.00    0.00    0.00    0.00   19.96    0.00   48.71
10:56:18 AM    0    0.00    0.00    6.06    0.00    0.00    0.00    0.00    0.00    0.00   93.94
10:56:18 AM    1    0.00    0.00    0.00    0.00    0.00    0.00    0.00    0.00    0.00  100.00
10:56:18 AM    2    0.00    0.00    0.00    0.00    0.00    0.00    0.00    0.00    0.00  100.00
10:56:18 AM    3    0.00    0.00    0.00    0.00    0.00    0.00    0.00    0.00    0.00  100.00
10:56:18 AM    4    0.00    0.00    0.00    0.00    0.00    0.00    0.00    0.00    0.00  100.00
10:56:18 AM    5    0.00    0.00   25.00    0.00    0.00    0.00    0.00   28.12    0.00   46.88
10:56:18 AM    6    0.00    0.00   37.63    0.00    0.00    0.00    0.00   12.90    0.00   49.46
10:56:18 AM    7    0.00    0.00   46.39    0.00    0.00    0.00    0.00   32.99    0.00   20.62
10:56:18 AM    8    0.00    0.00   46.32    0.00    0.00    0.00    0.00   33.68    0.00   20.00
10:56:18 AM    9    1.03    0.00   42.27    0.00    0.00    0.00    0.00   39.18    0.00   17.53
10:56:18 AM   10    0.00    0.00    8.16    0.00    0.00    0.00    0.00    8.16    0.00   83.67
10:56:18 AM   11    0.00    0.00   37.08    0.00    0.00    0.00    0.00   16.85    0.00   46.07
10:56:18 AM   12    0.00    0.00   27.17    0.00    0.00    0.00    0.00   11.96    0.00   60.87
10:56:18 AM   13    0.00    0.00   33.70    0.00    0.00    0.00    0.00    0.00    0.00   66.30
10:56:18 AM   14    0.00    0.00   39.77    0.00    0.00    0.00    0.00    0.00    0.00   60.23
10:56:18 AM   15    0.00    0.00  100.00    0.00    0.00    0.00    0.00    0.00    0.00    0.00
10:56:18 AM   16    0.00    0.00   37.00    0.00    0.00    0.00    0.00   63.00    0.00    0.00
10:56:18 AM   17    0.00    0.00   54.00    0.00    0.00    0.00    0.00   46.00    0.00    0.00
10:56:18 AM   18    0.00    0.00   31.31    0.00    0.00    0.00    0.00   68.69    0.00    0.00
10:56:18 AM   19    0.00    0.00   56.57    0.00    0.00    0.00    0.00   34.34    0.00    9.09

10:56:18 AM  CPU    %usr   %nice    %sys %iowait    %irq   %soft  %steal  %guest  %gnice   %idle
10:56:19 AM  all    0.10    0.00   30.82    0.05    0.00    0.00    0.00   20.21    0.00   48.81
10:56:19 AM    0    0.00    0.00   27.96    0.00    0.00    0.00    0.00    2.15    0.00   69.89
10:56:19 AM    1    0.00    0.00   11.34    0.00    0.00    0.00    0.00    0.00    0.00   88.66
10:56:19 AM    2    0.00    0.00    0.00    0.00    0.00    0.00    0.00    0.00    0.00  100.00
10:56:19 AM    3    1.04    0.00    4.17    0.00    0.00    0.00    0.00   34.38    0.00   60.42
10:56:19 AM    4    0.00    0.00    0.00    1.00    0.00    0.00    0.00    0.00    0.00   99.00
10:56:19 AM    5    0.00    0.00   35.71    0.00    0.00    0.00    0.00   42.86    0.00   21.43
10:56:19 AM    6    0.00    0.00   60.22    0.00    0.00    0.00    0.00    0.00    0.00   39.78
10:56:19 AM    7    0.00    0.00   44.09    0.00    0.00    0.00    0.00    0.00    0.00   55.91
10:56:19 AM    8    0.99    0.00   32.67    0.00    0.00    0.00    0.00   55.45    0.00   10.89
10:56:19 AM    9    0.00    0.00   35.56    0.00    0.00    0.00    0.00    4.44    0.00   60.00
10:56:19 AM   10    0.00    0.00   13.40    0.00    0.00    0.00    0.00   25.77    0.00   60.82
10:56:19 AM   11    0.00    0.00    8.25    0.00    0.00    0.00    0.00   10.31    0.00   81.44
10:56:19 AM   12    0.00    0.00   15.05    0.00    0.00    0.00    0.00    4.30    0.00   80.65
10:56:19 AM   13    0.00    0.00   34.74    0.00    0.00    0.00    0.00    0.00    0.00   65.26
10:56:19 AM   14    0.00    0.00    7.29    0.00    0.00    0.00    0.00    0.00    0.00   92.71
10:56:19 AM   15    0.00    0.00  100.00    0.00    0.00    0.00    0.00    0.00    0.00    0.00
10:56:19 AM   16    0.00    0.00   38.38    0.00    0.00    0.00    0.00   61.62    0.00    0.00
10:56:19 AM   17    0.00    0.00   53.47    0.00    0.00    0.00    0.00   46.53    0.00    0.00
10:56:19 AM   18    0.00    0.00   48.51    0.00    0.00    0.00    0.00   51.49    0.00    0.00
10:56:19 AM   19    0.00    0.00   44.00    0.00    0.00    0.00    0.00   56.00    0.00    0.00

10:56:19 AM  CPU    %usr   %nice    %sys %iowait    %irq   %soft  %steal  %guest  %gnice   %idle
10:56:20 AM  all    0.10    0.00   31.08    0.00    0.00    0.00    0.00   21.65    0.00   47.16
10:56:20 AM    0    0.00    0.00   13.54    0.00    0.00    0.00    0.00    0.00    0.00   86.46
10:56:20 AM    1    0.00    0.00    0.00    0.00    0.00    0.00    0.00    0.00    0.00  100.00
10:56:20 AM    2    0.00    0.00    3.03    0.00    0.00    0.00    0.00    0.00    0.00   96.97
10:56:20 AM    3    0.00    0.00    5.15    0.00    0.00    0.00    0.00   52.58    0.00   42.27
10:56:20 AM    4    0.00    0.00    0.00    0.00    0.00    0.00    0.00    0.00    0.00  100.00
10:56:20 AM    5    0.00    0.00   28.57    0.00    0.00    0.00    0.00   51.02    0.00   20.41
10:56:20 AM    6    1.00    0.00   28.00    0.00    0.00    0.00    0.00   25.00    0.00   46.00
10:56:20 AM    7    1.08    0.00   50.54    0.00    0.00    0.00    0.00   16.13    0.00   32.26
10:56:20 AM    8    0.00    0.00   27.08    0.00    0.00    0.00    0.00    0.00    0.00   72.92
10:56:20 AM    9    0.00    0.00   39.13    0.00    0.00    0.00    0.00   16.30    0.00   44.57
10:56:20 AM   10    0.00    0.00   47.73    0.00    0.00    0.00    0.00    7.95    0.00   44.32
10:56:20 AM   11    0.00    0.00    4.95    0.00    0.00    0.00    0.00   52.48    0.00   42.57
10:56:20 AM   12    0.00    0.00   32.26    0.00    0.00    0.00    0.00    0.00    0.00   67.74
10:56:20 AM   13    0.00    0.00   51.11    0.00    0.00    0.00    0.00    0.00    0.00   48.89
10:56:20 AM   14    0.00    0.00    0.00    0.00    0.00    0.00    0.00    0.00    0.00  100.00
10:56:20 AM   15    0.00    0.00  100.00    0.00    0.00    0.00    0.00    0.00    0.00    0.00
10:56:20 AM   16    0.00    0.00   54.00    0.00    0.00    0.00    0.00   46.00    0.00    0.00
10:56:20 AM   17    0.00    0.00   48.48    0.00    0.00    0.00    0.00   51.52    0.00    0.00
10:56:20 AM   18    0.00    0.00   34.34    0.00    0.00    0.00    0.00   65.66    0.00    0.00
10:56:20 AM   19    0.00    0.00   58.00    0.00    0.00    0.00    0.00   42.00    0.00    0.00

10:56:20 AM  CPU    %usr   %nice    %sys %iowait    %irq   %soft  %steal  %guest  %gnice   %idle
10:56:21 AM  all    0.00    0.00   33.44    0.00    0.00    0.00    0.00   21.60    0.00   44.91
10:56:21 AM    0    1.00    0.00    0.00    0.00    0.00    0.00    0.00    0.00    0.00   99.00
10:56:21 AM    1    0.00    0.00    0.00    0.00    0.00    0.00    0.00    0.00    0.00  100.00
10:56:21 AM    2    0.00    0.00    0.00    0.00    0.00    0.00    0.00    0.00    0.00  100.00
10:56:21 AM    3    0.00    0.00    6.32    0.00    0.00    0.00    0.00   55.79    0.00   37.89
10:56:21 AM    4    0.00    0.00    0.00    0.00    0.00    0.00    0.00    0.00    0.00  100.00
10:56:21 AM    5    0.00    0.00   24.00    0.00    0.00    0.00    0.00   53.00    0.00   23.00
10:56:21 AM    6    0.00    0.00   40.82    0.00    0.00    0.00    0.00   40.82    0.00   18.37
10:56:21 AM    7    0.00    0.00   30.93    0.00    0.00    0.00    0.00   21.65    0.00   47.42
10:56:21 AM    8    0.00    0.00   25.51    0.00    0.00    0.00    0.00   38.78    0.00   35.71
10:56:21 AM    9    0.00    0.00   42.55    0.00    0.00    0.00    0.00    6.38    0.00   51.06
10:56:21 AM   10    0.00    0.00   68.35    0.00    0.00    0.00    0.00    0.00    0.00   31.65
10:56:21 AM   11    0.00    0.00    0.00    0.00    0.00    0.00    0.00    0.00    0.00  100.00
10:56:21 AM   12    0.00    0.00   73.49    0.00    0.00    0.00    0.00    0.00    0.00   26.51
10:56:21 AM   13    0.00    0.00   80.68    0.00    0.00    0.00    0.00    0.00    0.00   19.32
10:56:21 AM   14    0.00    0.00    0.00    0.00    0.00    0.00    0.00    0.00    0.00  100.00
10:56:21 AM   15    0.00    0.00  100.00    0.00    0.00    0.00    0.00    0.00    0.00    0.00
10:56:21 AM   16    0.00    0.00   56.44    0.00    0.00    0.00    0.00   43.56    0.00    0.00
10:56:21 AM   17    0.00    0.00   49.50    0.00    0.00    0.00    0.00   50.50    0.00    0.00
10:56:21 AM   18    0.00    0.00   35.64    0.00    0.00    0.00    0.00   64.36    0.00    0.00
10:56:21 AM   19    0.00    0.00   52.48    0.00    0.00    0.00    0.00   46.53    0.00    0.99

10:56:21 AM  CPU    %usr   %nice    %sys %iowait    %irq   %soft  %steal  %guest  %gnice   %idle
10:56:22 AM  all    0.00    0.00   32.83    0.00    0.00    0.00    0.00   22.37    0.00   44.74
10:56:22 AM    0    0.00    0.00    2.00    0.00    0.00    0.00    0.00   20.00    0.00   78.00
10:56:22 AM    1    0.00    0.00    0.00    0.00    0.00    0.00    0.00    0.00    0.00  100.00
10:56:22 AM    2    0.00    0.00    0.99    0.00    0.00    0.00    0.00    0.00    0.00   99.01
10:56:22 AM    3    0.00    0.00    3.06    0.00    0.00    0.00    0.00   58.16    0.00   38.78
10:56:22 AM    4    0.00    0.00    0.00    0.00    0.00    0.00    0.00    0.00    0.00  100.00
10:56:22 AM    5    0.00    0.00   35.00    0.00    0.00    0.00    0.00   65.00    0.00    0.00
10:56:22 AM    6    1.04    0.00   42.71    0.00    0.00    0.00    0.00   22.92    0.00   33.33
10:56:22 AM    7    0.00    0.00   27.00    0.00    0.00    0.00    0.00   73.00    0.00    0.00
10:56:22 AM    8    0.00    0.00    0.00    0.00    0.00    0.00    0.00    0.00    0.00  100.00
10:56:22 AM    9    0.00    0.00   41.49    0.00    0.00    0.00    0.00    0.00    0.00   58.51
10:56:22 AM   10    0.00    0.00   64.37    0.00    0.00    0.00    0.00    0.00    0.00   35.63
10:56:22 AM   11    0.00    0.00   10.42    0.00    0.00    0.00    0.00    0.00    0.00   89.58
10:56:22 AM   12    0.00    0.00   45.45    0.00    0.00    0.00    0.00    0.00    0.00   54.55
10:56:22 AM   13    0.00    0.00   56.98    0.00    0.00    0.00    0.00    0.00    0.00   43.02
10:56:22 AM   14    0.00    0.00   47.19    0.00    0.00    0.00    0.00    0.00    0.00   52.81
10:56:22 AM   15    0.00    0.00  100.00    0.00    0.00    0.00    0.00    0.00    0.00    0.00
10:56:22 AM   16    0.00    0.00   54.00    0.00    0.00    0.00    0.00   46.00    0.00    0.00
10:56:22 AM   17    0.00    0.00   52.53    0.00    0.00    0.00    0.00   47.47    0.00    0.00
10:56:22 AM   18    0.00    0.00   38.38    0.00    0.00    0.00    0.00   61.62    0.00    0.00
10:56:22 AM   19    0.00    0.00   45.92    0.00    0.00    0.00    0.00   41.84    0.00   12.24

10:56:22 AM  CPU    %usr   %nice    %sys %iowait    %irq   %soft  %steal  %guest  %gnice   %idle
10:56:23 AM  all    0.00    0.00   32.97    0.00    0.00    0.00    0.00   19.99    0.00   46.99
10:56:23 AM    0    0.00    0.00    1.03    0.00    0.00    0.00    0.00   17.53    0.00   81.44
10:56:23 AM    1    0.00    0.00   14.43    0.00    0.00    0.00    0.00    0.00    0.00   85.57
10:56:23 AM    2    0.00    0.00    3.49    0.00    0.00    0.00    0.00   44.19    0.00   52.33
10:56:23 AM    3    0.00    0.00   32.53    0.00    0.00    0.00    0.00   27.71    0.00   39.76
10:56:23 AM    4    0.00    0.00    0.00    0.00    0.00    0.00    0.00    2.00    0.00   98.00
10:56:23 AM    5    0.00    0.00   46.00    0.00    0.00    0.00    0.00   54.00    0.00    0.00
10:56:23 AM    6    0.00    0.00   58.43    0.00    0.00    0.00    0.00    0.00    0.00   41.57
10:56:23 AM    7    0.00    0.00   45.00    0.00    0.00    0.00    0.00   55.00    0.00    0.00
10:56:23 AM    8    0.00    0.00   39.33    0.00    0.00    0.00    0.00    2.25    0.00   58.43
10:56:23 AM    9    0.00    0.00    0.00    0.00    0.00    0.00    0.00    0.00    0.00  100.00
10:56:23 AM   10    0.00    0.00   15.62    0.00    0.00    0.00    0.00    0.00    0.00   84.38
10:56:23 AM   11    0.00    0.00   28.42    0.00    0.00    0.00    0.00    0.00    0.00   71.58
10:56:23 AM   12    0.00    0.00    0.00    0.00    0.00    0.00    0.00    0.00    0.00  100.00
10:56:23 AM   13    0.00    0.00   69.51    0.00    0.00    0.00    0.00    0.00    0.00   30.49
10:56:23 AM   14    0.00    0.00    6.12    0.00    0.00    0.00    0.00    0.00    0.00   93.88
10:56:23 AM   15    0.00    0.00  100.00    0.00    0.00    0.00    0.00    0.00    0.00    0.00
10:56:23 AM   16    0.99    0.00   56.44    0.00    0.00    0.00    0.00   42.57    0.00    0.00
10:56:23 AM   17    0.00    0.00   53.00    0.00    0.00    0.00    0.00   47.00    0.00    0.00
10:56:23 AM   18    0.00    0.00   34.00    0.00    0.00    0.00    0.00   66.00    0.00    0.00
10:56:23 AM   19    0.00    0.00   58.00    0.00    0.00    0.00    0.00   35.00    0.00    7.00

10:56:23 AM  CPU    %usr   %nice    %sys %iowait    %irq   %soft  %steal  %guest  %gnice   %idle
10:56:24 AM  all    0.00    0.00   34.08    0.05    0.00    0.00    0.00   19.42    0.00   46.45
10:56:24 AM    0    0.00    0.00   32.95    0.00    0.00    0.00    0.00   20.45    0.00   46.59
10:56:24 AM    1    0.00    0.00   35.56    0.00    0.00    0.00    0.00    8.89    0.00   55.56
10:56:24 AM    2    0.00    0.00    4.17    0.00    0.00    0.00    0.00   42.71    0.00   53.12
10:56:24 AM    3    0.00    0.00   13.40    0.00    0.00    0.00    0.00    0.00    0.00   86.60
10:56:24 AM    4    0.00    0.00   26.32    0.00    0.00    0.00    0.00    6.32    0.00   67.37
10:56:24 AM    5    0.00    0.00   46.00    0.00    0.00    0.00    0.00   54.00    0.00    0.00
10:56:24 AM    6    0.00    0.00   28.28    1.01    0.00    0.00    0.00   19.19    0.00   51.52
10:56:24 AM    7    0.00    0.00   42.71    0.00    0.00    0.00    0.00   28.12    0.00   29.17
10:56:24 AM    8    0.00    0.00   30.00    0.00    0.00    0.00    0.00   30.00    0.00   40.00
10:56:24 AM    9    0.00    0.00   54.44    0.00    0.00    0.00    0.00    2.22    0.00   43.33
10:56:24 AM   10    0.00    0.00    5.05    0.00    0.00    0.00    0.00    0.00    0.00   94.95
10:56:24 AM   11    0.00    0.00    0.00    0.00    0.00    0.00    0.00    0.00    0.00  100.00
10:56:24 AM   12    0.00    0.00   35.56    0.00    0.00    0.00    0.00    0.00    0.00   64.44
10:56:24 AM   13    0.00    0.00   38.89    0.00    0.00    0.00    0.00    0.00    0.00   61.11
10:56:24 AM   14    0.00    0.00    0.00    0.00    0.00    0.00    0.00    0.00    0.00  100.00
10:56:24 AM   15    0.00    0.00  100.00    0.00    0.00    0.00    0.00    0.00    0.00    0.00
10:56:24 AM   16    0.00    0.00   39.00    0.00    0.00    0.00    0.00   30.00    0.00   31.00
10:56:24 AM   17    0.00    0.00   55.45    0.00    0.00    0.00    0.00   44.55    0.00    0.00
10:56:24 AM   18    0.00    0.00   41.58    0.00    0.00    0.00    0.00   58.42    0.00    0.00
10:56:24 AM   19    0.00    0.00   52.53    0.00    0.00    0.00    0.00   36.36    0.00   11.11

10:56:24 AM  CPU    %usr   %nice    %sys %iowait    %irq   %soft  %steal  %guest  %gnice   %idle
10:56:25 AM  all    0.16    0.00   32.50    0.00    0.00    0.00    0.00   20.98    0.00   46.37
10:56:25 AM    0    0.00    0.00   20.00    0.00    0.00    0.00    0.00    0.00    0.00   80.00
10:56:25 AM    1    0.00    0.00   52.17    0.00    0.00    0.00    0.00    0.00    0.00   47.83
10:56:25 AM    2    0.00    0.00    4.04    0.00    0.00    0.00    0.00   55.56    0.00   40.40
10:56:25 AM    3    0.00    0.00    0.00    0.00    0.00    0.00    0.00    0.00    0.00  100.00
10:56:25 AM    4    0.00    0.00    1.00    0.00    0.00    0.00    0.00    0.00    0.00   99.00
10:56:25 AM    5    1.02    0.00   30.61    0.00    0.00    0.00    0.00   24.49    0.00   43.88
10:56:25 AM    6    1.05    0.00   45.26    0.00    0.00    0.00    0.00   28.42    0.00   25.26
10:56:25 AM    7    1.04    0.00   34.38    0.00    0.00    0.00    0.00   16.67    0.00   47.92
10:56:25 AM    8    0.00    0.00   23.40    0.00    0.00    0.00    0.00    0.00    0.00   76.60
10:56:25 AM    9    0.00    0.00   30.61    0.00    0.00    0.00    0.00   35.71    0.00   33.67
10:56:25 AM   10    0.00    0.00   56.96    0.00    0.00    0.00    0.00    0.00    0.00   43.04
10:56:25 AM   11    0.00    0.00   30.77    0.00    0.00    0.00    0.00    0.00    0.00   69.23
10:56:25 AM   12    0.00    0.00   21.51    0.00    0.00    0.00    0.00   53.76    0.00   24.73
10:56:25 AM   13    0.00    0.00    2.00    0.00    0.00    0.00    0.00    0.00    0.00   98.00
10:56:25 AM   14    0.00    0.00    0.00    0.00    0.00    0.00    0.00    0.00    0.00  100.00
10:56:25 AM   15    0.00    0.00  100.00    0.00    0.00    0.00    0.00    0.00    0.00    0.00
10:56:25 AM   16    0.00    0.00   33.00    0.00    0.00    0.00    0.00   67.00    0.00    0.00
10:56:25 AM   17    0.00    0.00   48.48    0.00    0.00    0.00    0.00   51.52    0.00    0.00
10:56:25 AM   18    0.00    0.00   58.00    0.00    0.00    0.00    0.00   42.00    0.00    0.00
10:56:25 AM   19    0.00    0.00   62.63    0.00    0.00    0.00    0.00   37.37    0.00    0.00

10:56:25 AM  CPU    %usr   %nice    %sys %iowait    %irq   %soft  %steal  %guest  %gnice   %idle
10:56:26 AM  all    0.00    0.00   34.47    0.00    0.00    0.00    0.00   20.98    0.00   44.44
10:56:26 AM    0    0.00    0.00    6.06    0.00    0.00    0.00    0.00    0.00    0.00   93.94
10:56:26 AM    1    0.00    0.00   26.04    0.00    0.00    0.00    0.00    0.00    0.00   73.96
10:56:26 AM    2    1.00    0.00    9.00    0.00    0.00    0.00    0.00    8.00    0.00   82.00
10:56:26 AM    3    0.00    0.00    0.99    0.00    0.00    0.00    0.00    0.00    0.00   99.01
10:56:26 AM    4    0.00    0.00    0.00    0.00    0.00    0.00    0.00    0.00    0.00  100.00
10:56:26 AM    5    0.00    0.00   41.05    0.00    0.00    0.00    0.00   24.21    0.00   34.74
10:56:26 AM    6    0.00    0.00   40.21    0.00    0.00    0.00    0.00   39.18    0.00   20.62
10:56:26 AM    7    0.00    0.00   40.21    0.00    0.00    0.00    0.00   25.77    0.00   34.02
10:56:26 AM    8    0.00    0.00   26.00    0.00    0.00    0.00    0.00   48.00    0.00   26.00
10:56:26 AM    9    1.08    0.00   45.16    0.00    0.00    0.00    0.00   22.58    0.00   31.18
10:56:26 AM   10    0.00    0.00    9.09    0.00    0.00    0.00    0.00   15.15    0.00   75.76
10:56:26 AM   11    0.00    0.00   63.29    0.00    0.00    0.00    0.00    0.00    0.00   36.71
10:56:26 AM   12    0.00    0.00   47.78    0.00    0.00    0.00    0.00   24.44    0.00   27.78
10:56:26 AM   13    0.00    0.00   28.26    0.00    0.00    0.00    0.00    0.00    0.00   71.74
10:56:26 AM   14    0.00    0.00   19.59    0.00    0.00    0.00    0.00    0.00    0.00   80.41
10:56:26 AM   15    0.00    0.00  100.00    0.00    0.00    0.00    0.00    0.00    0.00    0.00
10:56:26 AM   16    0.00    0.00   32.32    0.00    0.00    0.00    0.00   67.68    0.00    0.00
10:56:26 AM   17    0.00    0.00   50.50    0.00    0.00    0.00    0.00   49.50    0.00    0.00
10:56:26 AM   18    0.00    0.00   54.00    0.00    0.00    0.00    0.00   46.00    0.00    0.00
10:56:26 AM   19    0.00    0.00   57.00    0.00    0.00    0.00    0.00   43.00    0.00    0.00

10:56:26 AM  CPU    %usr   %nice    %sys %iowait    %irq   %soft  %steal  %guest  %gnice   %idle
10:56:27 AM  all    0.00    0.00   34.38    0.00    0.00    0.00    0.00   19.26    0.00   46.31
10:56:27 AM    0    0.00    0.00    5.10    0.00    0.00    0.00    0.00    0.00    0.00   94.90
10:56:27 AM    1    0.00    0.00   36.96    0.00    0.00    0.00    0.00    0.00    0.00   63.04
10:56:27 AM    2    0.00    0.00   38.71    0.00    0.00    0.00    0.00    0.00    0.00   61.29
10:56:27 AM    3    0.00    0.00   41.30    0.00    0.00    0.00    0.00    0.00    0.00   58.70
10:56:27 AM    4    0.00    0.00    1.00    0.00    0.00    0.00    0.00    0.00    0.00   99.00
10:56:27 AM    5    0.00    0.00   35.42    0.00    0.00    0.00    0.00   26.04    0.00   38.54
10:56:27 AM    6    0.00    0.00   46.24    0.00    0.00    0.00    0.00   19.35    0.00   34.41
10:56:27 AM    7    0.00    0.00   34.02    0.00    0.00    0.00    0.00   32.99    0.00   32.99
10:56:27 AM    8    0.00    0.00   48.00    0.00    0.00    0.00    0.00   52.00    0.00    0.00
10:56:27 AM    9    0.00    0.00   34.02    0.00    0.00    0.00    0.00   30.93    0.00   35.05
10:56:27 AM   10    1.02    0.00    5.10    0.00    0.00    0.00    0.00   10.20    0.00   83.67
10:56:27 AM   11    0.00    0.00   30.43    0.00    0.00    0.00    0.00    0.00    0.00   69.57
10:56:27 AM   12    0.00    0.00   11.22    0.00    0.00    0.00    0.00    0.00    0.00   88.78
10:56:27 AM   13    0.00    0.00   15.96    0.00    0.00    0.00    0.00    0.00    0.00   84.04
10:56:27 AM   14    0.00    0.00    7.29    0.00    0.00    0.00    0.00    0.00    0.00   92.71
10:56:27 AM   15    0.00    0.00  100.00    0.00    0.00    0.00    0.00    0.00    0.00    0.00
10:56:27 AM   16    0.00    0.00   43.00    0.00    0.00    0.00    0.00   57.00    0.00    0.00
10:56:27 AM   17    0.00    0.00   53.00    0.00    0.00    0.00    0.00   47.00    0.00    0.00
10:56:27 AM   18    0.00    0.00   54.00    0.00    0.00    0.00    0.00   46.00    0.00    0.00
10:56:27 AM   19    0.00    0.00   44.55    0.00    0.00    0.00    0.00   55.45    0.00    0.00

10:56:27 AM  CPU    %usr   %nice    %sys %iowait    %irq   %soft  %steal  %guest  %gnice   %idle
10:56:28 AM  all    0.21    0.00   33.39    0.00    0.00    0.00    0.00   19.57    0.00   46.83
10:56:28 AM    0    0.00    0.00    1.00    0.00    0.00    0.00    0.00    4.00    0.00   95.00
10:56:28 AM    1    0.00    0.00   11.11    0.00    0.00    0.00    0.00    0.00    0.00   88.89
10:56:28 AM    2    0.00    0.00   15.46    0.00    0.00    0.00    0.00    0.00    0.00   84.54
10:56:28 AM    3    0.00    0.00    0.00    0.00    0.00    0.00    0.00    0.00    0.00  100.00
10:56:28 AM    4    0.00    0.00    1.00    0.00    0.00    0.00    0.00   12.00    0.00   87.00
10:56:28 AM    5    1.09    0.00   52.17    0.00    0.00    0.00    0.00    4.35    0.00   42.39
10:56:28 AM    6    0.00    0.00   42.42    0.00    0.00    0.00    0.00   40.40    0.00   17.17
10:56:28 AM    7    0.00    0.00   41.76    0.00    0.00    0.00    0.00   15.38    0.00   42.86
10:56:28 AM    8    1.00    0.00   42.00    0.00    0.00    0.00    0.00   57.00    0.00    0.00
10:56:28 AM    9    1.03    0.00   35.05    0.00    0.00    0.00    0.00   30.93    0.00   32.99
10:56:28 AM   10    0.00    0.00   31.87    0.00    0.00    0.00    0.00   13.19    0.00   54.95
10:56:28 AM   11    0.00    0.00   24.72    0.00    0.00    0.00    0.00    0.00    0.00   75.28
10:56:28 AM   12    0.00    0.00   52.94    0.00    0.00    0.00    0.00    0.00    0.00   47.06
10:56:28 AM   13    0.00    0.00   24.44    0.00    0.00    0.00    0.00    3.33    0.00   72.22
10:56:28 AM   14    1.02    0.00    9.18    0.00    0.00    0.00    0.00    3.06    0.00   86.73
10:56:28 AM   15    0.00    0.00  100.00    0.00    0.00    0.00    0.00    0.00    0.00    0.00
10:56:28 AM   16    0.00    0.00   59.00    0.00    0.00    0.00    0.00   41.00    0.00    0.00
10:56:28 AM   17    0.00    0.00   44.44    0.00    0.00    0.00    0.00   39.39    0.00   16.16
10:56:28 AM   18    0.00    0.00   36.36    0.00    0.00    0.00    0.00   63.64    0.00    0.00
10:56:28 AM   19    0.00    0.00   45.00    0.00    0.00    0.00    0.00   55.00    0.00    0.00

10:56:28 AM  CPU    %usr   %nice    %sys %iowait    %irq   %soft  %steal  %guest  %gnice   %idle
10:56:29 AM  all    0.15    0.00   31.20    0.10    0.00    0.00    0.00   21.40    0.00   47.14
10:56:29 AM    0    1.04    0.00   13.54    0.00    0.00    0.00    0.00    8.33    0.00   77.08
10:56:29 AM    1    0.00    0.00    3.03    0.00    0.00    0.00    0.00   38.38    0.00   58.59
10:56:29 AM    2    0.00    0.00    0.00    0.00    0.00    0.00    0.00    0.00    0.00  100.00
10:56:29 AM    3    0.99    0.00    0.00    0.99    0.00    0.00    0.00    0.00    0.00   98.02
10:56:29 AM    4    1.12    0.00    7.87    0.00    0.00    0.00    0.00   44.94    0.00   46.07
10:56:29 AM    5    0.00    0.00   42.27    0.00    0.00    0.00    0.00    0.00    0.00   57.73
10:56:29 AM    6    0.00    0.00   50.51    0.00    0.00    0.00    0.00   48.48    0.00    1.01
10:56:29 AM    7    0.00    0.00   57.30    0.00    0.00    0.00    0.00    0.00    0.00   42.70
10:56:29 AM    8    0.00    0.00   40.00    0.00    0.00    0.00    0.00   60.00    0.00    0.00
10:56:29 AM    9    0.00    0.00   27.96    1.08    0.00    0.00    0.00    0.00    0.00   70.97
10:56:29 AM   10    0.00    0.00    0.00    0.00    0.00    0.00    0.00    0.00    0.00  100.00
10:56:29 AM   11    0.00    0.00   12.24    0.00    0.00    0.00    0.00    0.00    0.00   87.76
10:56:29 AM   12    0.00    0.00   67.05    0.00    0.00    0.00    0.00    0.00    0.00   32.95
10:56:29 AM   13    0.00    0.00   29.67    0.00    0.00    0.00    0.00    0.00    0.00   70.33
10:56:29 AM   14    0.00    0.00    0.00    0.00    0.00    0.00    0.00    0.00    0.00  100.00
10:56:29 AM   15    0.00    0.00  100.00    0.00    0.00    0.00    0.00    0.00    0.00    0.00
10:56:29 AM   16    0.00    0.00   51.00    0.00    0.00    0.00    0.00   49.00    0.00    0.00
10:56:29 AM   17    0.00    0.00   55.00    0.00    0.00    0.00    0.00   42.00    0.00    3.00
10:56:29 AM   18    0.00    0.00   38.00    0.00    0.00    0.00    0.00   62.00    0.00    0.00
10:56:29 AM   19    0.00    0.00   32.00    0.00    0.00    0.00    0.00   68.00    0.00    0.00

10:56:29 AM  CPU    %usr   %nice    %sys %iowait    %irq   %soft  %steal  %guest  %gnice   %idle
10:56:30 AM  all    0.00    0.00   30.53    0.00    0.00    0.00    0.00   21.90    0.00   47.57
10:56:30 AM    0    0.00    0.00    8.16    0.00    0.00    0.00    0.00    0.00    0.00   91.84
10:56:30 AM    1    0.00    0.00    2.04    0.00    0.00    0.00    0.00   54.08    0.00   43.88
10:56:30 AM    2    0.00    0.00    0.00    0.00    0.00    0.00    0.00    0.00    0.00  100.00
10:56:30 AM    3    0.00    0.00    0.00    0.00    0.00    0.00    0.00    0.00    0.00  100.00
10:56:30 AM    4    0.00    0.00    1.01    0.00    0.00    0.00    0.00    7.07    0.00   91.92
10:56:30 AM    5    0.00    0.00   29.47    0.00    0.00    0.00    0.00   30.53    0.00   40.00
10:56:30 AM    6    0.00    0.00   58.51    0.00    0.00    0.00    0.00    9.57    0.00   31.91
10:56:30 AM    7    0.00    0.00   38.54    0.00    0.00    0.00    0.00   40.62    0.00   20.83
10:56:30 AM    8    0.00    0.00   29.00    0.00    0.00    0.00    0.00   71.00    0.00    0.00
10:56:30 AM    9    0.00    0.00   59.09    0.00    0.00    0.00    0.00    0.00    0.00   40.91
10:56:30 AM   10    0.00    0.00   32.95    0.00    0.00    0.00    0.00    0.00    0.00   67.05
10:56:30 AM   11    0.00    0.00    8.16    0.00    0.00    0.00    0.00    0.00    0.00   91.84
10:56:30 AM   12    0.00    0.00    7.29    0.00    0.00    0.00    0.00    0.00    0.00   92.71
10:56:30 AM   13    0.00    0.00    0.00    0.00    0.00    0.00    0.00    0.00    0.00  100.00
10:56:30 AM   14    0.00    0.00   59.55    0.00    0.00    0.00    0.00    0.00    0.00   40.45
10:56:30 AM   15    0.00    0.00  100.00    0.00    0.00    0.00    0.00    0.00    0.00    0.00
10:56:30 AM   16    0.00    0.00   34.00    0.00    0.00    0.00    0.00   66.00    0.00    0.00
10:56:30 AM   17    0.00    0.00   46.46    0.00    0.00    0.00    0.00   53.54    0.00    0.00
10:56:30 AM   18    0.00    0.00   45.00    0.00    0.00    0.00    0.00   55.00    0.00    0.00
10:56:30 AM   19    0.00    0.00   57.58    0.00    0.00    0.00    0.00   42.42    0.00    0.00

10:56:30 AM  CPU    %usr   %nice    %sys %iowait    %irq   %soft  %steal  %guest  %gnice   %idle
10:56:31 AM  all    0.05    0.00   30.69    0.00    0.00    0.00    0.00   21.99    0.00   47.22
10:56:31 AM    0    0.00    0.00    0.00    0.00    0.00    0.00    0.00    0.00    0.00  100.00
10:56:31 AM    1    1.01    0.00    2.02    0.00    0.00    0.00    0.00   56.57    0.00   40.40
10:56:31 AM    2    0.00    0.00    0.00    0.00    0.00    0.00    0.00    0.00    0.00  100.00
10:56:31 AM    3    0.00    0.00    0.00    0.00    0.00    0.00    0.00    0.00    0.00  100.00
10:56:31 AM    4    0.00    0.00    0.00    0.00    0.00    0.00    0.00    0.00    0.00  100.00
10:56:31 AM    5    1.02    0.00   29.59    0.00    0.00    0.00    0.00   36.73    0.00   32.65
10:56:31 AM    6    0.00    0.00   62.92    0.00    0.00    0.00    0.00    0.00    0.00   37.08
10:56:31 AM    7    0.00    0.00   30.69    0.00    0.00    0.00    0.00   46.53    0.00   22.77
10:56:31 AM    8    0.00    0.00   35.00    0.00    0.00    0.00    0.00   65.00    0.00    0.00
10:56:31 AM    9    0.00    0.00   59.77    0.00    0.00    0.00    0.00    0.00    0.00   40.23
10:56:31 AM   10    0.00    0.00    0.00    0.00    0.00    0.00    0.00    0.00    0.00  100.00
10:56:31 AM   11    0.00    0.00   62.20    0.00    0.00    0.00    0.00    0.00    0.00   37.80
10:56:31 AM   12    0.00    0.00   60.47    0.00    0.00    0.00    0.00    0.00    0.00   39.53
10:56:31 AM   13    0.00    0.00    0.00    0.00    0.00    0.00    0.00    0.00    0.00  100.00
10:56:31 AM   14    0.00    0.00    9.18    0.00    0.00    0.00    0.00    0.00    0.00   90.82
10:56:31 AM   15    0.00    0.00  100.00    0.00    0.00    0.00    0.00    0.00    0.00    0.00
10:56:31 AM   16    0.00    0.00   31.00    0.00    0.00    0.00    0.00   69.00    0.00    0.00
10:56:31 AM   17    0.00    0.00   47.52    0.00    0.00    0.00    0.00   52.48    0.00    0.00
10:56:31 AM   18    0.00    0.00   41.00    0.00    0.00    0.00    0.00   59.00    0.00    0.00
10:56:31 AM   19    0.00    0.00   58.42    0.00    0.00    0.00    0.00   41.58    0.00    0.00

10:56:31 AM  CPU    %usr   %nice    %sys %iowait    %irq   %soft  %steal  %guest  %gnice   %idle
10:56:32 AM  all    0.00    0.00   33.28    0.00    0.00    0.00    0.00   21.81    0.00   44.86
10:56:32 AM    0    0.00    0.00    0.00    0.00    0.00    0.00    0.00    0.00    0.00  100.00
10:56:32 AM    1    0.00    0.00    2.00    0.00    0.00    0.00    0.00   24.00    0.00   74.00
10:56:32 AM    2    0.00    0.00    0.00    0.00    0.00    0.00    0.00    0.00    0.00  100.00
10:56:32 AM    3    0.00    0.00    0.00    0.00    0.00    0.00    0.00    0.00    0.00  100.00
10:56:32 AM    4    0.00    0.00    0.00    0.00    0.00    0.00    0.00    0.00    0.00  100.00
10:56:32 AM    5    0.00    0.00   36.73    0.00    0.00    0.00    0.00   39.80    0.00   23.47
10:56:32 AM    6    0.00    0.00   56.04    0.00    0.00    0.00    0.00    7.69    0.00   36.26
10:56:32 AM    7    0.00    0.00   29.59    0.00    0.00    0.00    0.00   18.37    0.00   52.04
10:56:32 AM    8    0.00    0.00   34.65    0.00    0.00    0.00    0.00   65.35    0.00    0.00
10:56:32 AM    9    0.00    0.00   39.39    0.00    0.00    0.00    0.00   51.52    0.00    9.09
10:56:32 AM   10    0.00    0.00   33.70    0.00    0.00    0.00    0.00    5.43    0.00   60.87
10:56:32 AM   11    0.00    0.00   68.42    0.00    0.00    0.00    0.00    0.00    0.00   31.58
10:56:32 AM   12    0.00    0.00   58.24    0.00    0.00    0.00    0.00    0.00    0.00   41.76
10:56:32 AM   13    0.00    0.00   22.58    0.00    0.00    0.00    0.00    0.00    0.00   77.42
10:56:32 AM   14    0.00    0.00   15.62    0.00    0.00    0.00    0.00    0.00    0.00   84.38
10:56:32 AM   15    0.00    0.00  100.00    0.00    0.00    0.00    0.00    0.00    0.00    0.00
10:56:32 AM   16    0.00    0.00   28.71    0.00    0.00    0.00    0.00   71.29    0.00    0.00
10:56:32 AM   17    0.99    0.00   47.52    0.00    0.00    0.00    0.00   51.49    0.00    0.00
10:56:32 AM   18    0.00    0.00   50.50    0.00    0.00    0.00    0.00   49.50    0.00    0.00
10:56:32 AM   19    0.00    0.00   52.53    0.00    0.00    0.00    0.00   38.38    0.00    9.09

10:56:32 AM  CPU    %usr   %nice    %sys %iowait    %irq   %soft  %steal  %guest  %gnice   %idle
10:56:33 AM  all    0.21    0.00   33.80    0.00    0.00    0.10    0.00   18.99    0.00   46.90
10:56:33 AM    0    0.00    0.00   11.22    0.00    0.00    1.02    0.00    5.10    0.00   82.65
10:56:33 AM    1    0.00    0.00    7.14    0.00    0.00    0.00    0.00    0.00    0.00   92.86
10:56:33 AM    2    0.00    0.00   19.79    0.00    0.00    0.00    0.00    0.00    0.00   80.21
10:56:33 AM    3    0.00    0.00    4.04    0.00    0.00    0.00    0.00    0.00    0.00   95.96
10:56:33 AM    4    0.00    0.00    0.00    0.00    0.00    0.00    0.00    0.00    0.00  100.00
10:56:33 AM    5    1.03    0.00   35.05    0.00    0.00    0.00    0.00   29.90    0.00   34.02
10:56:33 AM    6    0.00    0.00   46.15    0.00    0.00    0.00    0.00    0.00    0.00   53.85
10:56:33 AM    7    0.00    0.00   37.89    0.00    0.00    1.05    0.00    0.00    0.00   61.05
10:56:33 AM    8    0.00    0.00   40.40    0.00    0.00    0.00    0.00   50.51    0.00    9.09
10:56:33 AM    9    0.99    0.00   37.62    0.00    0.00    0.00    0.00   61.39    0.00    0.00
10:56:33 AM   10    1.08    0.00   10.75    0.00    0.00    0.00    0.00   32.26    0.00   55.91
10:56:33 AM   11    0.00    0.00   25.00    0.00    0.00    0.00    0.00    8.33    0.00   66.67
10:56:33 AM   12    0.00    0.00   20.62    0.00    0.00    0.00    0.00    0.00    0.00   79.38
10:56:33 AM   13    0.00    0.00   46.67    0.00    0.00    0.00    0.00    0.00    0.00   53.33
10:56:33 AM   14    0.00    0.00   53.93    0.00    0.00    0.00    0.00    0.00    0.00   46.07
10:56:33 AM   15    0.00    0.00  100.00    0.00    0.00    0.00    0.00    0.00    0.00    0.00
10:56:33 AM   16    0.00    0.00   40.00    0.00    0.00    0.00    0.00   60.00    0.00    0.00
10:56:33 AM   17    0.00    0.00   62.00    0.00    0.00    0.00    0.00   38.00    0.00    0.00
10:56:33 AM   18    0.00    0.00   43.00    0.00    0.00    0.00    0.00   57.00    0.00    0.00
10:56:33 AM   19    1.01    0.00   35.35    0.00    0.00    0.00    0.00   29.29    0.00   34.34

10:56:33 AM  CPU    %usr   %nice    %sys %iowait    %irq   %soft  %steal  %guest  %gnice   %idle
10:56:34 AM  all    0.05    0.00   33.11    0.00    0.00    0.05    0.00   19.60    0.00   47.09
10:56:34 AM    0    0.00    0.00    9.38    0.00    0.00    0.00    0.00   22.92    0.00   67.71
10:56:34 AM    1    0.00    0.00    3.09    0.00    0.00    0.00    0.00   19.59    0.00   77.32
10:56:34 AM    2    0.00    0.00   10.31    0.00    0.00    0.00    0.00    0.00    0.00   89.69
10:56:34 AM    3    0.00    0.00    8.16    0.00    0.00    0.00    0.00    0.00    0.00   91.84
10:56:34 AM    4    0.00    0.00    0.00    0.00    0.00    0.00    0.00    0.99    0.00   99.01
10:56:34 AM    5    0.00    0.00   43.00    0.00    0.00    0.00    0.00   57.00    0.00    0.00
10:56:34 AM    6    1.06    0.00   47.87    0.00    0.00    1.06    0.00    6.38    0.00   43.62
10:56:34 AM    7    1.01    0.00   34.34    0.00    0.00    0.00    0.00   29.29    0.00   35.35
10:56:34 AM    8    0.00    0.00   18.75    0.00    0.00    0.00    0.00    0.00    0.00   81.25
10:56:34 AM    9    0.00    0.00   46.32    0.00    0.00    0.00    0.00   22.11    0.00   31.58
10:56:34 AM   10    0.00    0.00   21.51    0.00    0.00    0.00    0.00    1.08    0.00   77.42
10:56:34 AM   11    1.04    0.00   15.62    0.00    0.00    0.00    0.00   33.33    0.00   50.00
10:56:34 AM   12    0.00    0.00   19.15    0.00    0.00    0.00    0.00    0.00    0.00   80.85
10:56:34 AM   13    0.00    0.00   45.16    0.00    0.00    0.00    0.00    0.00    0.00   54.84
10:56:34 AM   14    0.00    0.00   40.66    0.00    0.00    0.00    0.00    0.00    0.00   59.34
10:56:34 AM   15    0.00    0.00  100.00    0.00    0.00    0.00    0.00    0.00    0.00    0.00
10:56:34 AM   16    0.00    0.00   44.44    0.00    0.00    0.00    0.00   55.56    0.00    0.00
10:56:34 AM   17    0.00    0.00   59.00    0.00    0.00    0.00    0.00   41.00    0.00    0.00
10:56:34 AM   18    0.00    0.00   38.00    0.00    0.00    0.00    0.00   62.00    0.00    0.00
10:56:34 AM   19    0.00    0.00   55.00    0.00    0.00    0.00    0.00   34.00    0.00   11.00

10:56:34 AM  CPU    %usr   %nice    %sys %iowait    %irq   %soft  %steal  %guest  %gnice   %idle
10:56:35 AM  all    0.10    0.00   34.37    0.05    0.00    0.00    0.00   18.63    0.00   46.85
10:56:35 AM    0    0.00    0.00    0.00    0.00    0.00    0.00    0.00    0.00    0.00  100.00
10:56:35 AM    1    1.05    0.00    8.42    0.00    0.00    0.00    0.00   24.21    0.00   66.32
10:56:35 AM    2    0.00    0.00   34.07    0.00    0.00    0.00    0.00    0.00    0.00   65.93
10:56:35 AM    3    0.00    0.00    0.00    0.00    0.00    0.00    0.00    0.00    0.00  100.00
10:56:35 AM    4    0.00    0.00    3.03    1.01    0.00    0.00    0.00    2.02    0.00   93.94
10:56:35 AM    5    0.00    0.00   50.00    0.00    0.00    0.00    0.00   50.00    0.00    0.00
10:56:35 AM    6    0.00    0.00   54.84    0.00    0.00    0.00    0.00   15.05    0.00   30.11
10:56:35 AM    7    0.00    0.00   45.00    0.00    0.00    0.00    0.00   55.00    0.00    0.00
10:56:35 AM    8    0.00    0.00   36.84    0.00    0.00    0.00    0.00   10.53    0.00   52.63
10:56:35 AM    9    1.11    0.00   44.44    0.00    0.00    0.00    0.00    4.44    0.00   50.00
10:56:35 AM   10    0.00    0.00   26.04    0.00    0.00    0.00    0.00    6.25    0.00   67.71
10:56:35 AM   11    0.00    0.00    9.38    0.00    0.00    0.00    0.00    0.00    0.00   90.62
10:56:35 AM   12    0.00    0.00   29.03    0.00    0.00    0.00    0.00   16.13    0.00   54.84
10:56:35 AM   13    0.00    0.00   34.07    0.00    0.00    0.00    0.00    0.00    0.00   65.93
10:56:35 AM   14    0.00    0.00    0.00    0.00    0.00    0.00    0.00    0.00    0.00  100.00
10:56:35 AM   15    0.00    0.00  100.00    0.00    0.00    0.00    0.00    0.00    0.00    0.00
10:56:35 AM   16    0.00    0.00   45.54    0.00    0.00    0.00    0.00   54.46    0.00    0.00
10:56:35 AM   17    0.00    0.00   58.59    0.00    0.00    0.00    0.00   41.41    0.00    0.00
10:56:35 AM   18    0.00    0.00   45.00    0.00    0.00    0.00    0.00   55.00    0.00    0.00
10:56:35 AM   19    0.00    0.00   62.63    0.00    0.00    0.00    0.00   31.31    0.00    6.06

10:56:35 AM  CPU    %usr   %nice    %sys %iowait    %irq   %soft  %steal  %guest  %gnice   %idle
10:56:36 AM  all    0.00    0.00   36.63    0.00    0.00    0.00    0.00   19.92    0.00   43.46
10:56:36 AM    0    0.00    0.00    6.06    0.00    0.00    0.00    0.00    0.00    0.00   93.94
10:56:36 AM    1    0.00    0.00    9.28    0.00    0.00    0.00    0.00    0.00    0.00   90.72
10:56:36 AM    2    0.00    0.00    0.00    0.00    0.00    0.00    0.00    0.00    0.00  100.00
10:56:36 AM    3    0.00    0.00    0.00    0.00    0.00    0.00    0.00    0.00    0.00  100.00
10:56:36 AM    4    0.00    0.00    0.99    0.00    0.00    0.00    0.00    0.00    0.00   99.01
10:56:36 AM    5    0.00    0.00   50.00    0.00    0.00    0.00    0.00   38.54    0.00   11.46
10:56:36 AM    6    0.00    0.00   39.80    0.00    0.00    0.00    0.00   41.84    0.00   18.37
10:56:36 AM    7    0.00    0.00   33.00    0.00    0.00    0.00    0.00   66.00    0.00    1.00
10:56:36 AM    8    0.00    0.00   44.44    0.00    0.00    0.00    0.00   41.41    0.00   14.14
10:56:36 AM    9    0.00    0.00   43.01    0.00    0.00    0.00    0.00   13.98    0.00   43.01
10:56:36 AM   10    0.00    0.00   16.67    0.00    0.00    0.00    0.00    0.00    0.00   83.33
10:56:36 AM   11    0.00    0.00   74.71    0.00    0.00    0.00    0.00    0.00    0.00   25.29
10:56:36 AM   12    0.00    0.00   20.65    0.00    0.00    0.00    0.00    0.00    0.00   79.35
10:56:36 AM   13    0.00    0.00   44.32    0.00    0.00    0.00    0.00    0.00    0.00   55.68
10:56:36 AM   14    0.00    0.00   47.13    0.00    0.00    0.00    0.00    0.00    0.00   52.87
10:56:36 AM   15    0.00    0.00  100.00    0.00    0.00    0.00    0.00    0.00    0.00    0.00
10:56:36 AM   16    0.00    0.00   50.51    0.00    0.00    0.00    0.00   49.49    0.00    0.00
10:56:36 AM   17    0.00    0.00   54.46    0.00    0.00    0.00    0.00   45.54    0.00    0.00
10:56:36 AM   18    0.00    0.00   52.00    0.00    0.00    0.00    0.00   48.00    0.00    0.00
10:56:36 AM   19    0.00    0.00   51.00    0.00    0.00    0.00    0.00   44.00    0.00    5.00

10:56:36 AM  CPU    %usr   %nice    %sys %iowait    %irq   %soft  %steal  %guest  %gnice   %idle
10:56:37 AM  all    0.00    0.00   32.71    0.00    0.00    0.00    0.00   20.48    0.00   46.76
10:56:37 AM    0    0.00    0.00   12.37    0.00    0.00    0.00    0.00   24.74    0.00   62.89
10:56:37 AM    1    0.00    0.00   25.53    0.00    0.00    0.00    0.00    0.00    0.00   74.47
10:56:37 AM    2    0.00    0.00   20.00    0.00    0.00    0.00    0.00    8.42    0.00   71.58
10:56:37 AM    3    0.00    0.00    3.06    0.00    0.00    0.00    0.00   15.31    0.00   81.63
10:56:37 AM    4    0.99    0.00    0.00    0.00    0.00    0.00    0.00    1.98    0.00   97.03
10:56:37 AM    5    0.00    0.00   46.24    0.00    0.00    0.00    0.00    0.00    0.00   53.76
10:56:37 AM    6    0.00    0.00   34.74    0.00    0.00    0.00    0.00   20.00    0.00   45.26
10:56:37 AM    7    0.00    0.00   17.53    0.00    0.00    0.00    0.00   44.33    0.00   38.14
10:56:37 AM    8    0.00    0.00   46.00    0.00    0.00    0.00    0.00   54.00    0.00    0.00
10:56:37 AM    9    0.00    0.00   33.68    0.00    0.00    0.00    0.00   27.37    0.00   38.95
10:56:37 AM   10    0.00    0.00    3.06    0.00    0.00    0.00    0.00    0.00    0.00   96.94
10:56:37 AM   11    0.00    0.00   34.83    0.00    0.00    0.00    0.00    0.00    0.00   65.17
10:56:37 AM   12    0.00    0.00   57.32    0.00    0.00    0.00    0.00    0.00    0.00   42.68
10:56:37 AM   13    0.00    0.00    5.05    0.00    0.00    0.00    0.00    0.00    0.00   94.95
10:56:37 AM   14    0.00    0.00   20.83    0.00    0.00    0.00    0.00    0.00    0.00   79.17
10:56:37 AM   15    0.00    0.00  100.00    0.00    0.00    0.00    0.00    0.00    0.00    0.00
10:56:37 AM   16    0.00    0.00   62.38    0.00    0.00    0.00    0.00   37.62    0.00    0.00
10:56:37 AM   17    0.00    0.00   52.00    0.00    0.00    0.00    0.00   48.00    0.00    0.00
10:56:37 AM   18    0.00    0.00   51.52    0.00    0.00    0.00    0.00   48.48    0.00    0.00
10:56:37 AM   19    0.00    0.00   30.00    0.00    0.00    0.00    0.00   70.00    0.00    0.00

10:56:37 AM  CPU    %usr   %nice    %sys %iowait    %irq   %soft  %steal  %guest  %gnice   %idle
10:56:38 AM  all    0.05    0.00   33.73    0.00    0.00    0.00    0.00   19.71    0.00   46.51
10:56:38 AM    0    0.00    0.00   18.95    0.00    0.00    0.00    0.00    0.00    0.00   81.05
10:56:38 AM    1    0.00    0.00   41.49    0.00    0.00    0.00    0.00    0.00    0.00   58.51
10:56:38 AM    2    0.00    0.00   61.80    0.00    0.00    0.00    0.00    0.00    0.00   38.20
10:56:38 AM    3    0.00    0.00    1.00    0.00    0.00    0.00    0.00    0.00    0.00   99.00
10:56:38 AM    4    0.00    0.00   10.31    0.00    0.00    0.00    0.00   52.58    0.00   37.11
10:56:38 AM    5    0.00    0.00   43.43    0.00    0.00    0.00    0.00   46.46    0.00   10.10
10:56:38 AM    6    0.00    0.00   38.04    0.00    0.00    0.00    0.00    2.17    0.00   59.78
10:56:38 AM    7    0.00    0.00   41.05    0.00    0.00    0.00    0.00    5.26    0.00   53.68
10:56:38 AM    8    0.00    0.00   31.31    0.00    0.00    0.00    0.00   38.38    0.00   30.30
10:56:38 AM    9    0.00    0.00   38.38    0.00    0.00    0.00    0.00   35.35    0.00   26.26
10:56:38 AM   10    0.00    0.00   22.34    0.00    0.00    0.00    0.00    0.00    0.00   77.66
10:56:38 AM   11    0.00    0.00    7.29    0.00    0.00    0.00    0.00    0.00    0.00   92.71
10:56:38 AM   12    0.00    0.00    6.32    0.00    0.00    0.00    0.00    0.00    0.00   93.68
10:56:38 AM   13    0.00    0.00   16.67    0.00    0.00    0.00    0.00    0.00    0.00   83.33
10:56:38 AM   14    0.00    0.00    0.00    0.00    0.00    0.00    0.00    0.00    0.00  100.00
10:56:38 AM   15    0.00    0.00  100.00    0.00    0.00    0.00    0.00    0.00    0.00    0.00
10:56:38 AM   16    0.00    0.00   51.52    0.00    0.00    0.00    0.00   48.48    0.00    0.00
10:56:38 AM   17    0.00    0.00   52.53    0.00    0.00    0.00    0.00   47.47    0.00    0.00
10:56:38 AM   18    0.00    0.00   44.55    0.00    0.00    0.00    0.00   55.45    0.00    0.00
10:56:38 AM   19    1.00    0.00   46.00    0.00    0.00    0.00    0.00   53.00    0.00    0.00

10:56:38 AM  CPU    %usr   %nice    %sys %iowait    %irq   %soft  %steal  %guest  %gnice   %idle
10:56:39 AM  all    0.00    0.00   36.29    0.00    0.00    0.00    0.00   20.46    0.00   43.20
10:56:39 AM    0    0.00    0.00    0.00    0.00    0.00    0.00    0.00    0.00    0.00  100.00
10:56:39 AM    1    0.00    0.00    0.00    0.00    0.00    0.00    0.00    0.00    0.00  100.00
10:56:39 AM    2    0.00    0.00   11.11    0.00    0.00    0.00    0.00    0.00    0.00   88.89
10:56:39 AM    3    0.99    0.00    0.00    0.00    0.00    0.00    0.00    0.00    0.00   99.01
10:56:39 AM    4    0.00    0.00    3.00    0.00    0.00    0.00    0.00    9.00    0.00   88.00
10:56:39 AM    5    0.00    0.00   37.00    0.00    0.00    0.00    0.00   63.00    0.00    0.00
10:56:39 AM    6    0.00    0.00   55.67    0.00    0.00    0.00    0.00   29.90    0.00   14.43
10:56:39 AM    7    0.00    0.00   39.39    0.00    0.00    0.00    0.00   35.35    0.00   25.25
10:56:39 AM    8    0.00    0.00   43.43    0.00    0.00    0.00    0.00   44.44    0.00   12.12
10:56:39 AM    9    0.00    0.00   59.78    0.00    0.00    0.00    0.00    8.70    0.00   31.52
10:56:39 AM   10    0.00    0.00    8.25    0.00    0.00    0.00    0.00    0.00    0.00   91.75
10:56:39 AM   11    0.00    0.00   68.97    0.00    0.00    0.00    0.00    0.00    0.00   31.03
10:56:39 AM   12    0.00    0.00   26.37    0.00    0.00    0.00    0.00    0.00    0.00   73.63
10:56:39 AM   13    0.00    0.00   68.29    0.00    0.00    0.00    0.00    0.00    0.00   31.71
10:56:39 AM   14    0.00    0.00   21.28    0.00    0.00    0.00    0.00    0.00    0.00   78.72
10:56:39 AM   15    0.00    0.00  100.00    0.00    0.00    0.00    0.00    0.00    0.00    0.00
10:56:39 AM   16    0.00    0.00   55.45    0.00    0.00    0.00    0.00   44.55    0.00    0.00
10:56:39 AM   17    0.00    0.00   45.54    0.00    0.00    0.00    0.00   54.46    0.00    0.00
10:56:39 AM   18    0.00    0.00   35.00    0.00    0.00    0.00    0.00   65.00    0.00    0.00
10:56:39 AM   19    0.00    0.00   56.44    0.00    0.00    0.00    0.00   43.56    0.00    0.00

10:56:39 AM  CPU    %usr   %nice    %sys %iowait    %irq   %soft  %steal  %guest  %gnice   %idle
10:56:40 AM  all    0.05    0.00   35.52    0.00    0.00    0.05    0.00   20.70    0.00   43.63
10:56:40 AM    0    0.00    0.00    0.00    0.00    0.00    0.00    0.00    0.00    0.00  100.00
10:56:40 AM    1    0.00    0.00    0.00    0.00    0.00    0.00    0.00    0.00    0.00  100.00
10:56:40 AM    2    0.00    0.00    0.00    0.00    0.00    0.00    0.00    0.00    0.00  100.00
10:56:40 AM    3    0.00    0.00    0.00    0.00    0.00    0.00    0.00    0.00    0.00  100.00
10:56:40 AM    4    0.00    0.00    0.00    0.00    0.00    0.00    0.00    0.00    0.00  100.00
10:56:40 AM    5    0.00    0.00   30.00    0.00    0.00    0.00    0.00   70.00    0.00    0.00
10:56:40 AM    6    0.00    0.00   47.92    0.00    0.00    0.00    0.00   40.62    0.00   11.46
10:56:40 AM    7    1.03    0.00   42.27    0.00    0.00    0.00    0.00   40.21    0.00   16.49
10:56:40 AM    8    0.00    0.00   42.27    0.00    0.00    0.00    0.00   42.27    0.00   15.46
10:56:40 AM    9    0.00    0.00   65.93    0.00    0.00    1.10    0.00    0.00    0.00   32.97
10:56:40 AM   10    0.00    0.00   28.72    0.00    0.00    0.00    0.00    0.00    0.00   71.28
10:56:40 AM   11    0.00    0.00   40.66    0.00    0.00    0.00    0.00    0.00    0.00   59.34
10:56:40 AM   12    0.00    0.00    0.00    0.00    0.00    0.00    0.00    0.00    0.00  100.00
10:56:40 AM   13    0.00    0.00   68.75    0.00    0.00    0.00    0.00    0.00    0.00   31.25
10:56:40 AM   14    0.00    0.00   69.88    0.00    0.00    0.00    0.00    0.00    0.00   30.12
10:56:40 AM   15    0.00    0.00  100.00    0.00    0.00    0.00    0.00    0.00    0.00    0.00
10:56:40 AM   16    1.00    0.00   53.00    0.00    0.00    0.00    0.00   46.00    0.00    0.00
10:56:40 AM   17    0.00    0.00   47.47    0.00    0.00    0.00    0.00   52.53    0.00    0.00
10:56:40 AM   18    0.00    0.00   37.00    0.00    0.00    0.00    0.00   63.00    0.00    0.00
10:56:40 AM   19    0.00    0.00   51.52    0.00    0.00    0.00    0.00   48.48    0.00    0.00

10:56:40 AM  CPU    %usr   %nice    %sys %iowait    %irq   %soft  %steal  %guest  %gnice   %idle
10:56:41 AM  all    0.05    0.00   31.82    0.10    0.00    0.00    0.00   20.39    0.00   47.58
10:56:41 AM    0    0.00    0.00    1.00    0.00    0.00    0.00    0.00    0.00    0.00   99.00
10:56:41 AM    1    0.00    0.00   15.46    0.00    0.00    0.00    0.00    0.00    0.00   84.54
10:56:41 AM    2    0.00    0.00    0.00    0.00    0.00    0.00    0.00    0.00    0.00  100.00
10:56:41 AM    3    0.00    0.00    0.00    1.00    0.00    0.00    0.00    0.00    0.00   99.00
10:56:41 AM    4    0.00    0.00    0.00    1.01    0.00    0.00    0.00    0.00    0.00   98.99
10:56:41 AM    5    0.99    0.00   38.61    0.00    0.00    0.00    0.00   60.40    0.00    0.00
10:56:41 AM    6    0.00    0.00   24.24    0.00    0.00    0.00    0.00   42.42    0.00   33.33
10:56:41 AM    7    0.00    0.00   54.95    0.00    0.00    0.00    0.00   12.09    0.00   32.97
10:56:41 AM    8    0.00    0.00   34.38    0.00    0.00    0.00    0.00   27.08    0.00   38.54
10:56:41 AM    9    1.09    0.00   48.91    0.00    0.00    0.00    0.00    9.78    0.00   40.22
10:56:41 AM   10    0.00    0.00   19.15    0.00    0.00    0.00    0.00   10.64    0.00   70.21
10:56:41 AM   11    0.00    0.00   37.78    0.00    0.00    0.00    0.00    2.22    0.00   60.00
10:56:41 AM   12    0.00    0.00   31.96    0.00    0.00    0.00    0.00    0.00    0.00   68.04
10:56:41 AM   13    0.00    0.00   35.56    0.00    0.00    0.00    0.00    0.00    0.00   64.44
10:56:41 AM   14    0.00    0.00   14.58    0.00    0.00    0.00    0.00   16.67    0.00   68.75
10:56:41 AM   15    0.00    0.00  100.00    0.00    0.00    0.00    0.00    0.00    0.00    0.00
10:56:41 AM   16    0.00    0.00   47.00    0.00    0.00    0.00    0.00   53.00    0.00    0.00
10:56:41 AM   17    0.00    0.00   53.00    0.00    0.00    0.00    0.00   47.00    0.00    0.00
10:56:41 AM   18    0.00    0.00   35.00    0.00    0.00    0.00    0.00   65.00    0.00    0.00
10:56:41 AM   19    0.00    0.00   46.53    0.00    0.00    0.00    0.00   53.47    0.00    0.00

10:56:41 AM  CPU    %usr   %nice    %sys %iowait    %irq   %soft  %steal  %guest  %gnice   %idle
10:56:42 AM  all    0.05    0.00   30.79    0.00    0.00    0.00    0.00   20.68    0.00   48.47
10:56:42 AM    0    0.00    0.00    1.01    0.00    0.00    0.00    0.00    0.00    0.00   98.99
10:56:42 AM    1    0.00    0.00    0.00    0.00    0.00    0.00    0.00    0.00    0.00  100.00
10:56:42 AM    2    0.00    0.00    0.00    0.00    0.00    0.00    0.00    0.00    0.00  100.00
10:56:42 AM    3    0.00    0.00    0.00    0.00    0.00    0.00    0.00    0.00    0.00  100.00
10:56:42 AM    4    0.00    0.00    0.00    0.00    0.00    0.00    0.00    0.00    0.00  100.00
10:56:42 AM    5    0.00    0.00   35.00    0.00    0.00    0.00    0.00   65.00    0.00    0.00
10:56:42 AM    6    0.00    0.00   57.61    0.00    0.00    0.00    0.00    9.78    0.00   32.61
10:56:42 AM    7    1.03    0.00   25.77    0.00    0.00    0.00    0.00   36.08    0.00   37.11
10:56:42 AM    8    0.00    0.00   17.71    0.00    0.00    0.00    0.00   41.67    0.00   40.62
10:56:42 AM    9    0.00    0.00   60.00    0.00    0.00    0.00    0.00    0.00    0.00   40.00
10:56:42 AM   10    0.00    0.00   48.81    0.00    0.00    0.00    0.00    0.00    0.00   51.19
10:56:42 AM   11    0.00    0.00   17.89    0.00    0.00    0.00    0.00   35.79    0.00   46.32
10:56:42 AM   12    0.00    0.00   56.47    0.00    0.00    0.00    0.00    0.00    0.00   43.53
10:56:42 AM   13    0.00    0.00    8.42    0.00    0.00    0.00    0.00    0.00    0.00   91.58
10:56:42 AM   14    0.00    0.00   11.46    0.00    0.00    0.00    0.00    0.00    0.00   88.54
10:56:42 AM   15    0.00    0.00  100.00    0.00    0.00    0.00    0.00    0.00    0.00    0.00
10:56:42 AM   16    0.00    0.00   37.00    0.00    0.00    0.00    0.00   63.00    0.00    0.00
10:56:42 AM   17    0.00    0.00   53.47    0.00    0.00    0.00    0.00   46.53    0.00    0.00
10:56:42 AM   18    0.00    0.00   33.33    0.00    0.00    0.00    0.00   66.67    0.00    0.00
10:56:42 AM   19    0.00    0.00   60.00    0.00    0.00    0.00    0.00   40.00    0.00    0.00

10:56:42 AM  CPU    %usr   %nice    %sys %iowait    %irq   %soft  %steal  %guest  %gnice   %idle
10:56:43 AM  all    0.00    0.00   31.09    0.00    0.00    0.00    0.00   20.78    0.00   48.08
10:56:43 AM    0    1.00    0.00    7.00    0.00    0.00    0.00    0.00   15.00    0.00   77.00
10:56:43 AM    1    0.00    0.00    1.00    0.00    0.00    0.00    0.00    5.00    0.00   94.00
10:56:43 AM    2    0.00    0.00    0.00    0.00    0.00    0.00    0.00    0.00    0.00  100.00
10:56:43 AM    3    0.00    0.00    0.00    0.00    0.00    0.00    0.00    0.00    0.00  100.00
10:56:43 AM    4    0.00    0.00    0.00    0.00    0.00    0.00    0.00    0.00    0.00  100.00
10:56:43 AM    5    0.00    0.00   37.37    0.00    0.00    0.00    0.00   62.63    0.00    0.00
10:56:43 AM    6    0.00    0.00   60.87    0.00    0.00    0.00    0.00    0.00    0.00   39.13
10:56:43 AM    7    0.00    0.00   57.89    0.00    0.00    0.00    0.00    6.32    0.00   35.79
10:56:43 AM    8    0.00    0.00   14.43    0.00    0.00    0.00    0.00   38.14    0.00   47.42
10:56:43 AM    9    0.00    0.00   36.46    0.00    0.00    0.00    0.00   38.54    0.00   25.00
10:56:43 AM   10    0.00    0.00    2.00    0.00    0.00    0.00    0.00    0.00    0.00   98.00
10:56:43 AM   11    0.00    0.00    8.08    0.00    0.00    0.00    0.00   21.21    0.00   70.71
10:56:43 AM   12    0.00    0.00   57.30    0.00    0.00    0.00    0.00    0.00    0.00   42.70
10:56:43 AM   13    0.00    0.00   18.09    0.00    0.00    0.00    0.00    0.00    0.00   81.91
10:56:43 AM   14    0.00    0.00   50.57    0.00    0.00    0.00    0.00    0.00    0.00   49.43
10:56:43 AM   15    0.00    0.00  100.00    0.00    0.00    0.00    0.00    0.00    0.00    0.00
10:56:43 AM   16    0.00    0.00   28.71    0.00    0.00    0.00    0.00   71.29    0.00    0.00
10:56:43 AM   17    0.00    0.00   55.00    0.00    0.00    0.00    0.00   45.00    0.00    0.00
10:56:43 AM   18    0.00    0.00   34.00    0.00    0.00    0.00    0.00   66.00    0.00    0.00
10:56:43 AM   19    0.00    0.00   61.00    0.00    0.00    0.00    0.00   39.00    0.00    0.00

10:56:43 AM  CPU    %usr   %nice    %sys %iowait    %irq   %soft  %steal  %guest  %gnice   %idle
10:56:44 AM  all    0.00    0.00   30.73    0.00    0.00    0.00    0.00   21.95    0.00   47.21
10:56:44 AM    0    0.00    0.00    0.00    0.00    0.00    0.00    0.00    3.06    0.00   96.94
10:56:44 AM    1    0.00    0.00    0.00    0.00    0.00    0.00    0.00    5.05    0.00   94.95
10:56:44 AM    2    0.00    0.00   11.22    0.00    0.00    0.00    0.00    0.00    0.00   88.78
10:56:44 AM    3    0.00    0.00   11.11    0.00    0.00    0.00    0.00   47.47    0.00   41.41
10:56:44 AM    4    0.00    0.00    0.00    0.00    0.00    0.00    0.00    0.00    0.00  100.00
10:56:44 AM    5    0.00    0.00   36.63    0.00    0.00    0.00    0.00   63.37    0.00    0.00
10:56:44 AM    6    0.00    0.00   42.11    0.00    0.00    0.00    0.00   32.63    0.00   25.26
10:56:44 AM    7    1.08    0.00   54.84    0.00    0.00    0.00    0.00    6.45    0.00   37.63
10:56:44 AM    8    0.00    0.00   26.80    0.00    0.00    0.00    0.00   29.90    0.00   43.30
10:56:44 AM    9    0.00    0.00   47.25    0.00    0.00    0.00    0.00   17.58    0.00   35.16
10:56:44 AM   10    0.00    0.00   37.50    0.00    0.00    0.00    0.00    3.41    0.00   59.09
10:56:44 AM   11    0.00    0.00    1.01    0.00    0.00    0.00    0.00    0.00    0.00   98.99
10:56:44 AM   12    0.00    0.00   37.08    0.00    0.00    0.00    0.00    0.00    0.00   62.92
10:56:44 AM   13    0.00    0.00    0.00    0.00    0.00    0.00    0.00    0.00    0.00  100.00
10:56:44 AM   14    0.00    0.00   35.56    0.00    0.00    0.00    0.00    0.00    0.00   64.44
10:56:44 AM   15    0.00    0.00  100.00    0.00    0.00    0.00    0.00    0.00    0.00    0.00
10:56:44 AM   16    0.00    0.00   52.53    0.00    0.00    0.00    0.00   47.47    0.00    0.00
10:56:44 AM   17    0.99    0.00   49.50    0.00    0.00    0.00    0.00   49.50    0.00    0.00
10:56:44 AM   18    0.00    0.00   31.00    0.00    0.00    0.00    0.00   69.00    0.00    0.00
10:56:44 AM   19    0.00    0.00   44.44    0.00    0.00    0.00    0.00   55.56    0.00    0.00

10:56:44 AM  CPU    %usr   %nice    %sys %iowait    %irq   %soft  %steal  %guest  %gnice   %idle
10:56:45 AM  all    0.00    0.00   33.26    0.00    0.00    0.00    0.00   19.83    0.00   46.90
10:56:45 AM    0    0.00    0.00    5.00    0.00    0.00    0.00    0.00   20.00    0.00   75.00
10:56:45 AM    1    0.00    0.00   10.31    0.00    0.00    0.00    0.00    0.00    0.00   89.69
10:56:45 AM    2    0.00    0.00   54.44    0.00    0.00    0.00    0.00    0.00    0.00   45.56
10:56:45 AM    3    0.00    0.00    3.00    0.00    0.00    0.00    0.00   20.00    0.00   77.00
10:56:45 AM    4    0.00    0.00    0.99    0.00    0.00    0.00    0.00    0.00    0.00   99.01
10:56:45 AM    5    0.00    0.00   40.21    0.00    0.00    0.00    0.00   39.18    0.00   20.62
10:56:45 AM    6    0.00    0.00   30.93    0.00    0.00    0.00    0.00   39.18    0.00   29.90
10:56:45 AM    7    0.00    0.00   28.87    0.00    0.00    0.00    0.00   29.90    0.00   41.24
10:56:45 AM    8    0.00    0.00   51.04    0.00    0.00    0.00    0.00   29.17    0.00   19.79
10:56:45 AM    9    0.00    0.00   58.43    0.00    0.00    0.00    0.00    0.00    0.00   41.57
10:56:45 AM   10    0.00    0.00   19.35    0.00    0.00    0.00    0.00    6.45    0.00   74.19
10:56:45 AM   11    0.00    0.00   13.68    0.00    0.00    0.00    0.00    0.00    0.00   86.32
10:56:45 AM   12    0.00    0.00   26.09    0.00    0.00    0.00    0.00    0.00    0.00   73.91
10:56:45 AM   13    0.00    0.00   18.28    0.00    0.00    0.00    0.00    0.00    0.00   81.72
10:56:45 AM   14    0.00    0.00   10.20    0.00    0.00    0.00    0.00    0.00    0.00   89.80
10:56:45 AM   15    0.00    0.00  100.00    0.00    0.00    0.00    0.00    0.00    0.00    0.00
10:56:45 AM   16    0.00    0.00   64.00    0.00    0.00    0.00    0.00   36.00    0.00    0.00
10:56:45 AM   17    0.00    0.00   49.00    0.00    0.00    0.00    0.00   51.00    0.00    0.00
10:56:45 AM   18    0.00    0.00   33.66    0.00    0.00    0.00    0.00   66.34    0.00    0.00
10:56:45 AM   19    0.00    0.00   49.00    0.00    0.00    0.00    0.00   51.00    0.00    0.00

10:56:45 AM  CPU    %usr   %nice    %sys %iowait    %irq   %soft  %steal  %guest  %gnice   %idle
10:56:46 AM  all    0.15    0.00   32.04    0.15    0.00    0.10    0.00   19.14    0.00   48.35
10:56:46 AM    0    0.00    0.00    0.00    1.00    0.00    1.00    0.00    0.00    0.00   98.00
10:56:46 AM    1    0.00    0.00    0.00    0.00    0.00    0.00    0.00    0.00    0.00  100.00
10:56:46 AM    2    0.00    0.00    6.00    1.00    0.00    0.00    0.00    0.00    0.00   93.00
10:56:46 AM    3    0.00    0.00    0.00    0.00    0.00    0.00    0.00    0.00    0.00  100.00
10:56:46 AM    4    0.00    0.00    0.00    1.00    0.00    0.00    0.00    0.00    0.00   99.00
10:56:46 AM    5    0.00    0.00   48.91    0.00    0.00    0.00    0.00   10.87    0.00   40.22
10:56:46 AM    6    0.00    0.00   41.30    0.00    0.00    0.00    0.00   16.30    0.00   42.39
10:56:46 AM    7    1.04    0.00   38.54    0.00    0.00    1.04    0.00   22.92    0.00   36.46
10:56:46 AM    8    0.00    0.00   36.00    0.00    0.00    0.00    0.00   64.00    0.00    0.00
10:56:46 AM    9    1.04    0.00   34.38    0.00    0.00    0.00    0.00   12.50    0.00   52.08
10:56:46 AM   10    0.00    0.00    9.18    0.00    0.00    0.00    0.00   17.35    0.00   73.47
10:56:46 AM   11    1.06    0.00   15.96    0.00    0.00    0.00    0.00   26.60    0.00   56.38
10:56:46 AM   12    0.00    0.00   23.91    0.00    0.00    0.00    0.00    0.00    0.00   76.09
10:56:46 AM   13    0.00    0.00   61.36    0.00    0.00    0.00    0.00    0.00    0.00   38.64
10:56:46 AM   14    0.00    0.00   35.96    0.00    0.00    0.00    0.00    0.00    0.00   64.04
10:56:46 AM   15    0.00    0.00  100.00    0.00    0.00    0.00    0.00    0.00    0.00    0.00
10:56:46 AM   16    0.00    0.00   60.00    0.00    0.00    0.00    0.00   40.00    0.00    0.00
10:56:46 AM   17    1.00    0.00   55.00    0.00    0.00    0.00    0.00   44.00    0.00    0.00
10:56:46 AM   18    0.00    0.00   37.00    0.00    0.00    0.00    0.00   63.00    0.00    0.00
10:56:46 AM   19    0.00    0.00   41.58    0.00    0.00    0.00    0.00   58.42    0.00    0.00

10:56:46 AM  CPU    %usr   %nice    %sys %iowait    %irq   %soft  %steal  %guest  %gnice   %idle
10:56:47 AM  all    0.00    0.00   34.61    0.00    0.00    0.00    0.00   19.24    0.00   46.04
10:56:47 AM    0    0.00    0.00   13.54    0.00    0.00    0.00    0.00    0.00    0.00   86.46
10:56:47 AM    1    0.00    0.00   51.69    0.00    0.00    0.00    0.00    0.00    0.00   48.31
10:56:47 AM    2    0.00    0.00    0.00    0.00    0.00    0.00    0.00    0.00    0.00  100.00
10:56:47 AM    3    0.00    0.00    0.00    0.00    0.00    0.00    0.00    0.00    0.00  100.00
10:56:47 AM    4    0.00    0.00    0.00    0.00    0.00    0.00    0.00    0.00    0.00  100.00
10:56:47 AM    5    1.03    0.00   35.05    0.00    0.00    0.00    0.00   11.34    0.00   52.58
10:56:47 AM    6    0.00    0.00   35.42    0.00    0.00    0.00    0.00   33.33    0.00   31.25
10:56:47 AM    7    0.00    0.00   33.33    0.00    0.00    0.00    0.00   34.34    0.00   32.32
10:56:47 AM    8    0.00    0.00   52.48    0.00    0.00    0.00    0.00   47.52    0.00    0.00
10:56:47 AM    9    0.00    0.00   50.00    0.00    0.00    0.00    0.00    0.00    0.00   50.00
10:56:47 AM   10    1.09    0.00   36.96    0.00    0.00    0.00    0.00    5.43    0.00   56.52
10:56:47 AM   11    0.00    0.00   22.83    0.00    0.00    0.00    0.00    9.78    0.00   67.39
10:56:47 AM   12    0.00    0.00   38.64    0.00    0.00    0.00    0.00   21.59    0.00   39.77
10:56:47 AM   13    0.00    0.00    4.04    0.00    0.00    0.00    0.00    0.00    0.00   95.96
10:56:47 AM   14    0.00    0.00   27.08    0.00    0.00    0.00    0.00   16.67    0.00   56.25
10:56:47 AM   15    0.00    0.00  100.00    0.00    0.00    0.00    0.00    0.00    0.00    0.00
10:56:47 AM   16    0.00    0.00   39.00    0.00    0.00    0.00    0.00   61.00    0.00    0.00
10:56:47 AM   17    0.00    0.00   57.43    0.00    0.00    0.00    0.00   42.57    0.00    0.00
10:56:47 AM   18    0.00    0.00   41.41    0.00    0.00    0.00    0.00   58.59    0.00    0.00
10:56:47 AM   19    0.00    0.00   54.55    0.00    0.00    0.00    0.00   36.36    0.00    9.09

10:56:47 AM  CPU    %usr   %nice    %sys %iowait    %irq   %soft  %steal  %guest  %gnice   %idle
10:56:48 AM  all    0.00    0.00   34.18    0.00    0.00    0.00    0.00   20.70    0.00   45.07
10:56:48 AM    0    0.00    0.00    5.05    0.00    0.00    0.00    0.00    0.00    0.00   94.95
10:56:48 AM    1    0.00    0.00    3.00    0.00    0.00    0.00    0.00    0.00    0.00   97.00
10:56:48 AM    2    0.00    0.00    0.00    0.00    0.00    0.00    0.00    0.00    0.00  100.00
10:56:48 AM    3    0.00    0.00    0.00    0.00    0.00    0.00    0.00    0.00    0.00  100.00
10:56:48 AM    4    0.00    0.00    0.00    0.00    0.00    0.00    0.00    0.00    0.00  100.00
10:56:48 AM    5    0.00    0.00   40.62    0.00    0.00    0.00    0.00   29.17    0.00   30.21
10:56:48 AM    6    0.00    0.00   31.00    0.00    0.00    0.00    0.00   69.00    0.00    0.00
10:56:48 AM    7    0.00    0.00   30.30    0.00    0.00    0.00    0.00   39.39    0.00   30.30
10:56:48 AM    8    0.00    0.00   37.00    0.00    0.00    0.00    0.00   63.00    0.00    0.00
10:56:48 AM    9    0.00    0.00   64.04    0.00    0.00    0.00    0.00    0.00    0.00   35.96
10:56:48 AM   10    0.00    0.00   73.81    0.00    0.00    0.00    0.00    0.00    0.00   26.19
10:56:48 AM   11    0.00    0.00    8.51    0.00    0.00    0.00    0.00    5.32    0.00   86.17
10:56:48 AM   12    0.00    0.00   51.11    0.00    0.00    0.00    0.00    4.44    0.00   44.44
10:56:48 AM   13    0.00    0.00   32.97    0.00    0.00    0.00    0.00    0.00    0.00   67.03
10:56:48 AM   14    0.00    0.00   24.74    0.00    0.00    0.00    0.00    0.00    0.00   75.26
10:56:48 AM   15    0.00    0.00  100.00    0.00    0.00    0.00    0.00    0.00    0.00    0.00
10:56:48 AM   16    0.00    0.00   35.00    0.00    0.00    0.00    0.00   65.00    0.00    0.00
10:56:48 AM   17    1.00    0.00   54.00    0.00    0.00    0.00    0.00   45.00    0.00    0.00
10:56:48 AM   18    0.00    0.00   45.54    0.00    0.00    0.00    0.00   54.46    0.00    0.00
10:56:48 AM   19    0.00    0.00   56.12    0.00    0.00    0.00    0.00   28.57    0.00   15.31

10:56:48 AM  CPU    %usr   %nice    %sys %iowait    %irq   %soft  %steal  %guest  %gnice   %idle
10:56:49 AM  all    0.05    0.00   32.01    0.10    0.00    0.00    0.00   20.02    0.00   47.81
10:56:49 AM    0    1.00    0.00    0.00    1.00    0.00    0.00    0.00    4.00    0.00   94.00
10:56:49 AM    1    0.00    0.00    0.00    0.00    0.00    0.00    0.00    6.06    0.00   93.94
10:56:49 AM    2    0.00    0.00    0.00    0.00    0.00    0.00    0.00    0.00    0.00  100.00
10:56:49 AM    3    0.00    0.00    0.00    0.00    0.00    0.00    0.00    0.00    0.00  100.00
10:56:49 AM    4    0.00    0.00    0.00    0.99    0.00    0.00    0.00    0.00    0.00   99.01
10:56:49 AM    5    0.00    0.00   61.36    0.00    0.00    0.00    0.00    0.00    0.00   38.64
10:56:49 AM    6    0.00    0.00   37.00    0.00    0.00    0.00    0.00   63.00    0.00    0.00
10:56:49 AM    7    0.00    0.00   13.27    0.00    0.00    0.00    0.00   25.51    0.00   61.22
10:56:49 AM    8    0.00    0.00   35.35    0.00    0.00    0.00    0.00   64.65    0.00    0.00
10:56:49 AM    9    0.00    0.00   62.22    0.00    0.00    0.00    0.00    0.00    0.00   37.78
10:56:49 AM   10    0.00    0.00   18.56    0.00    0.00    0.00    0.00    0.00    0.00   81.44
10:56:49 AM   11    0.00    0.00    3.16    0.00    0.00    0.00    0.00   28.42    0.00   68.42
10:56:49 AM   12    0.00    0.00   56.04    0.00    0.00    0.00    0.00    6.59    0.00   37.36
10:56:49 AM   13    0.00    0.00    0.00    0.00    0.00    0.00    0.00    0.00    0.00  100.00
10:56:49 AM   14    0.00    0.00   80.46    0.00    0.00    0.00    0.00    0.00    0.00   19.54
10:56:49 AM   15    0.00    0.00  100.00    0.00    0.00    0.00    0.00    0.00    0.00    0.00
10:56:49 AM   16    0.00    0.00   39.00    0.00    0.00    0.00    0.00   61.00    0.00    0.00
10:56:49 AM   17    0.00    0.00   56.00    0.00    0.00    0.00    0.00   44.00    0.00    0.00
10:56:49 AM   18    0.00    0.00   41.00    0.00    0.00    0.00    0.00   59.00    0.00    0.00
10:56:49 AM   19    0.00    0.00   50.00    0.00    0.00    0.00    0.00   30.61    0.00   19.39

10:56:49 AM  CPU    %usr   %nice    %sys %iowait    %irq   %soft  %steal  %guest  %gnice   %idle
10:56:50 AM  all    0.25    0.00   24.15    0.05    0.00    0.00    0.00   17.39    0.00   58.11
10:56:50 AM    0    0.00    0.00   17.02    0.00    0.00    0.00    0.00    0.00    0.00   82.98
10:56:50 AM    1    2.00    0.00    2.00    0.00    0.00    0.00    0.00    8.00    0.00   88.00
10:56:50 AM    2    1.00    0.00    0.00    0.00    0.00    0.00    0.00    0.00    0.00   99.00
10:56:50 AM    3    0.00    0.00    0.00    1.00    0.00    0.00    0.00    0.00    0.00   99.00
10:56:50 AM    4    0.00    0.00    0.00    0.00    0.00    0.00    0.00    0.00    0.00  100.00
10:56:50 AM    5    1.03    0.00   30.93    0.00    0.00    0.00    0.00   38.14    0.00   29.90
10:56:50 AM    6    0.00    0.00   30.00    0.00    0.00    0.00    0.00   44.00    0.00   26.00
10:56:50 AM    7    0.00    0.00   18.00    0.00    0.00    0.00    0.00   16.00    0.00   66.00
10:56:50 AM    8    0.00    0.00   24.75    0.00    0.00    0.00    0.00   26.73    0.00   48.51
10:56:50 AM    9    0.00    0.00   51.06    0.00    0.00    0.00    0.00    0.00    0.00   48.94
10:56:50 AM   10    0.00    0.00    7.14    0.00    0.00    0.00    0.00   12.24    0.00   80.61
10:56:50 AM   11    0.00    0.00   12.24    0.00    0.00    0.00    0.00   30.61    0.00   57.14
10:56:50 AM   12    1.10    0.00   42.86    0.00    0.00    0.00    0.00    4.40    0.00   51.65
10:56:50 AM   13    0.00    0.00    0.00    0.00    0.00    0.00    0.00    0.00    0.00  100.00
10:56:50 AM   14    0.00    0.00   23.40    0.00    0.00    0.00    0.00    0.00    0.00   76.60
10:56:50 AM   15    0.99    0.00   73.27    0.00    0.00    0.00    0.00   11.88    0.00   13.86
10:56:50 AM   16    0.00    0.00   33.00    0.00    0.00    0.00    0.00   50.00    0.00   17.00
10:56:50 AM   17    0.00    0.00   36.00    0.00    0.00    0.00    0.00   31.00    0.00   33.00
10:56:50 AM   18    0.00    0.00   39.00    0.00    0.00    0.00    0.00   41.00    0.00   20.00
10:56:50 AM   19    0.00    0.00   44.00    0.00    0.00    0.00    0.00   30.00    0.00   26.00

10:56:50 AM  CPU    %usr   %nice    %sys %iowait    %irq   %soft  %steal  %guest  %gnice   %idle
10:56:51 AM  all    0.00    0.00   21.45    0.00    0.00    0.00    0.00   20.54    0.00   57.96
10:56:51 AM    0    1.00    0.00    0.00    0.00    0.00    0.00    0.00    0.00    0.00   99.00
10:56:51 AM    1    0.00    0.00    1.01    0.00    0.00    0.00    0.00    0.00    0.00   98.99
10:56:51 AM    2    0.00    0.00    0.00    0.00    0.00    0.00    0.00    0.00    0.00  100.00
10:56:51 AM    3    0.00    0.00    0.00    0.00    0.00    0.00    0.00    0.00    0.00  100.00
10:56:51 AM    4    0.00    0.00    0.00    0.00    0.00    0.00    0.00    0.00    0.00  100.00
10:56:51 AM    5    0.00    0.00   10.00    0.00    0.00    0.00    0.00   90.00    0.00    0.00
10:56:51 AM    6    0.00    0.00   25.25    0.00    0.00    0.00    0.00   54.55    0.00   20.20
10:56:51 AM    7    0.00    0.00   28.00    0.00    0.00    0.00    0.00   56.00    0.00   16.00
10:56:51 AM    8    0.00    0.00    0.00    0.00    0.00    0.00    0.00    0.00    0.00  100.00
10:56:51 AM    9    0.00    0.00   56.25    0.00    0.00    0.00    0.00    0.00    0.00   43.75
10:56:51 AM   10    0.00    0.00    0.00    0.00    0.00    0.00    0.00    0.00    0.00  100.00
10:56:51 AM   11    0.00    0.00    0.00    0.00    0.00    0.00    0.00    0.00    0.00  100.00
10:56:51 AM   12    0.00    0.00   34.38    0.00    0.00    0.00    0.00    0.00    0.00   65.62
10:56:51 AM   13    0.00    0.00    0.00    0.00    0.00    0.00    0.00    0.00    0.00  100.00
10:56:51 AM   14    0.00    0.00    0.00    0.00    0.00    0.00    0.00    0.00    0.00  100.00
10:56:51 AM   15    0.00    0.00   68.32    0.00    0.00    0.00    0.00   31.68    0.00    0.00
10:56:51 AM   16    0.00    0.00   35.00    0.00    0.00    0.00    0.00   65.00    0.00    0.00
10:56:51 AM   17    0.00    0.00   26.53    0.00    0.00    0.00    0.00   58.16    0.00   15.31
10:56:51 AM   18    0.00    0.00   74.00    0.00    0.00    0.00    0.00   25.00    0.00    1.00
10:56:51 AM   19    0.00    0.00   71.00    0.00    0.00    0.00    0.00   29.00    0.00    0.00

10:56:51 AM  CPU    %usr   %nice    %sys %iowait    %irq   %soft  %steal  %guest  %gnice   %idle
10:56:52 AM  all    0.15    0.00   23.53    0.00    0.00    0.00    0.00   20.02    0.00   56.25
10:56:52 AM    0    0.00    0.00    0.00    0.00    0.00    0.00    0.00    0.00    0.00  100.00
10:56:52 AM    1    0.00    0.00    0.00    0.00    0.00    0.00    0.00    0.00    0.00  100.00
10:56:52 AM    2    0.00    0.00    0.00    0.00    0.00    0.00    0.00    0.00    0.00  100.00
10:56:52 AM    3    0.99    0.00    0.00    0.00    0.00    0.00    0.00    0.00    0.00   99.01
10:56:52 AM    4    0.00    0.00    0.00    0.00    0.00    0.00    0.00    0.00    0.00  100.00
10:56:52 AM    5    0.00    0.00   10.00    0.00    0.00    0.00    0.00   90.00    0.00    0.00
10:56:52 AM    6    0.00    0.00   40.40    0.00    0.00    0.00    0.00   51.52    0.00    8.08
10:56:52 AM    7    1.01    0.00   44.44    0.00    0.00    0.00    0.00   49.49    0.00    5.05
10:56:52 AM    8    0.00    0.00    1.98    0.00    0.00    0.00    0.00    0.99    0.00   97.03
10:56:52 AM    9    0.00    0.00   57.58    0.00    0.00    0.00    0.00    0.00    0.00   42.42
10:56:52 AM   10    0.00    0.00    0.00    0.00    0.00    0.00    0.00    0.00    0.00  100.00
10:56:52 AM   11    0.00    0.00    0.00    0.00    0.00    0.00    0.00    0.00    0.00  100.00
10:56:52 AM   12    0.00    0.00   34.04    0.00    0.00    0.00    0.00    0.00    0.00   65.96
10:56:52 AM   13    0.00    0.00    0.00    0.00    0.00    0.00    0.00    0.00    0.00  100.00
10:56:52 AM   14    0.99    0.00    0.00    0.00    0.00    0.00    0.00    0.00    0.00   99.01
10:56:52 AM   15    1.00    0.00   71.00    0.00    0.00    0.00    0.00   28.00    0.00    0.00
10:56:52 AM   16    0.00    0.00   26.00    0.00    0.00    0.00    0.00   74.00    0.00    0.00
10:56:52 AM   17    0.00    0.00   43.00    0.00    0.00    0.00    0.00   51.00    0.00    6.00
10:56:52 AM   18    0.00    0.00   71.72    0.00    0.00    0.00    0.00   28.28    0.00    0.00
10:56:52 AM   19    0.00    0.00   72.28    0.00    0.00    0.00    0.00   26.73    0.00    0.99

10:56:52 AM  CPU    %usr   %nice    %sys %iowait    %irq   %soft  %steal  %guest  %gnice   %idle
10:56:53 AM  all    0.05    0.00   26.01    0.00    0.00    0.00    0.00   14.52    0.00   59.43
10:56:53 AM    0    0.00    0.00    1.00    0.00    0.00    0.00    0.00    1.00    0.00   98.00
10:56:53 AM    1    0.00    0.00    0.00    0.00    0.00    0.00    0.00    0.00    0.00  100.00
10:56:53 AM    2    0.00    0.00    0.00    0.00    0.00    0.00    0.00    0.00    0.00  100.00
10:56:53 AM    3    0.00    0.00    1.00    0.00    0.00    0.00    0.00    0.00    0.00   99.00
10:56:53 AM    4    0.00    0.00    2.02    0.00    0.00    0.00    0.00   12.12    0.00   85.86
10:56:53 AM    5    1.00    0.00   11.00    0.00    0.00    0.00    0.00   52.00    0.00   36.00
10:56:53 AM    6    0.00    0.00   22.00    0.00    0.00    0.00    0.00   31.00    0.00   47.00
10:56:53 AM    7    0.00    0.00   41.58    0.00    0.00    0.00    0.00   16.83    0.00   41.58
10:56:53 AM    8    0.00    0.00   22.22    0.00    0.00    0.00    0.00    8.08    0.00   69.70
10:56:53 AM    9    0.00    0.00    9.09    0.00    0.00    0.00    0.00    0.00    0.00   90.91
10:56:53 AM   10    0.00    0.00   60.61    0.00    0.00    0.00    0.00    0.00    0.00   39.39
10:56:53 AM   11    0.00    0.00    0.00    0.00    0.00    0.00    0.00    0.00    0.00  100.00
10:56:53 AM   12    0.00    0.00   40.91    0.00    0.00    0.00    0.00    0.00    0.00   59.09
10:56:53 AM   13    0.00    0.00    0.00    0.00    0.00    0.00    0.00    0.00    0.00  100.00
10:56:53 AM   14    0.00    0.00    0.00    0.00    0.00    0.00    0.00    0.00    0.00  100.00
10:56:53 AM   15    0.00    0.00   52.53    0.00    0.00    0.00    0.00   38.38    0.00    9.09
10:56:53 AM   16    0.00    0.00   57.00    0.00    0.00    0.00    0.00   43.00    0.00    0.00
10:56:53 AM   17    0.00    0.00   49.49    0.00    0.00    0.00    0.00   40.40    0.00   10.10
10:56:53 AM   18    0.00    0.00   77.23    0.00    0.00    0.00    0.00   22.77    0.00    0.00
10:56:53 AM   19    0.00    0.00   74.00    0.00    0.00    0.00    0.00   23.00    0.00    3.00

10:56:53 AM  CPU    %usr   %nice    %sys %iowait    %irq   %soft  %steal  %guest  %gnice   %idle
10:56:54 AM  all    0.00    0.00   28.30    0.00    0.00    0.00    0.00   13.77    0.00   57.92
10:56:54 AM    0    0.00    0.00    2.02    0.00    0.00    0.00    0.00    7.07    0.00   90.91
10:56:54 AM    1    0.00    0.00    3.96    0.00    0.00    0.00    0.00    5.94    0.00   90.10
10:56:54 AM    2    0.00    0.00    0.00    0.00    0.00    0.00    0.00    0.00    0.00  100.00
10:56:54 AM    3    0.00    0.00    1.00    0.00    0.00    0.00    0.00    6.00    0.00   93.00
10:56:54 AM    4    0.00    0.00    0.00    0.00    0.00    0.00    0.00    0.00    0.00  100.00
10:56:54 AM    5    0.00    0.00   40.40    0.00    0.00    0.00    0.00   34.34    0.00   25.25
10:56:54 AM    6    0.00    0.00   18.00    0.00    0.00    0.00    0.00   25.00    0.00   57.00
10:56:54 AM    7    0.00    0.00   80.00    0.00    0.00    0.00    0.00   20.00    0.00    0.00
10:56:54 AM    8    0.00    0.00   29.41    0.00    0.00    0.00    0.00   10.78    0.00   59.80
10:56:54 AM    9    0.00    0.00    0.00    0.00    0.00    0.00    0.00    0.00    0.00  100.00
10:56:54 AM   10    0.00    0.00   52.63    0.00    0.00    0.00    0.00    0.00    0.00   47.37
10:56:54 AM   11    0.00    0.00    6.32    0.00    0.00    0.00    0.00    0.00    0.00   93.68
10:56:54 AM   12    0.00    0.00   26.37    0.00    0.00    0.00    0.00    0.00    0.00   73.63
10:56:54 AM   13    0.00    0.00    0.00    0.00    0.00    0.00    0.00    0.00    0.00  100.00
10:56:54 AM   14    0.00    0.00    2.02    0.00    0.00    0.00    0.00    0.00    0.00   97.98
10:56:54 AM   15    0.00    0.00   28.43    0.00    0.00    0.00    0.00   39.22    0.00   32.35
10:56:54 AM   16    0.00    0.00   59.00    0.00    0.00    0.00    0.00   41.00    0.00    0.00
10:56:54 AM   17    0.00    0.00   70.30    0.00    0.00    0.00    0.00   29.70    0.00    0.00
10:56:54 AM   18    0.00    0.00   62.63    0.00    0.00    0.00    0.00   37.37    0.00    0.00
10:56:54 AM   19    0.00    0.00   83.84    0.00    0.00    0.00    0.00   16.16    0.00    0.00

10:56:54 AM  CPU    %usr   %nice    %sys %iowait    %irq   %soft  %steal  %guest  %gnice   %idle
10:56:55 AM  all    0.00    0.00   30.98    0.00    0.00    0.00    0.00   13.69    0.00   55.23
10:56:55 AM    0    0.99    0.00    0.00    0.00    0.00    0.00    0.00    0.00    0.00   99.01
10:56:55 AM    1    0.00    0.00    0.00    0.00    0.00    0.00    0.00    0.00    0.00  100.00
10:56:55 AM    2    0.00    0.00    0.00    0.00    0.00    0.00    0.00    0.00    0.00  100.00
10:56:55 AM    3    0.00    0.00    0.00    0.00    0.00    0.00    0.00    0.00    0.00  100.00
10:56:55 AM    4    0.00    0.00    0.00    0.00    0.00    0.00    0.00    0.00    0.00  100.00
10:56:55 AM    5    0.00    0.00   58.00    0.00    0.00    0.00    0.00   35.00    0.00    7.00
10:56:55 AM    6    0.00    0.00   42.00    0.00    0.00    0.00    0.00   42.00    0.00   16.00
10:56:55 AM    7    0.00    0.00   65.00    0.00    0.00    0.00    0.00   35.00    0.00    0.00
10:56:55 AM    8    0.00    0.00   52.53    0.00    0.00    0.00    0.00    0.00    0.00   47.47
10:56:55 AM    9    0.00    0.00    6.06    0.00    0.00    0.00    0.00    0.00    0.00   93.94
10:56:55 AM   10    0.00    0.00   18.95    0.00    0.00    0.00    0.00    0.00    0.00   81.05
10:56:55 AM   11    0.00    0.00    8.33    0.00    0.00    0.00    0.00    0.00    0.00   91.67
10:56:55 AM   12    0.00    0.00   19.78    0.00    0.00    0.00    0.00    0.00    0.00   80.22
10:56:55 AM   13    0.00    0.00    0.00    0.00    0.00    0.00    0.00    0.00    0.00  100.00
10:56:55 AM   14    0.00    0.00    6.19    0.00    0.00    0.00    0.00    0.00    0.00   93.81
10:56:55 AM   15    1.00    0.00   75.00    0.00    0.00    0.00    0.00   24.00    0.00    0.00
10:56:55 AM   16    0.00    0.00   60.40    0.00    0.00    0.00    0.00   39.60    0.00    0.00
10:56:55 AM   17    0.00    0.00   68.00    0.00    0.00    0.00    0.00   32.00    0.00    0.00
10:56:55 AM   18    0.00    0.00   53.47    0.00    0.00    0.00    0.00   46.53    0.00    0.00
10:56:55 AM   19    0.00    0.00   82.00    0.00    0.00    0.00    0.00   16.00    0.00    2.00

10:56:55 AM  CPU    %usr   %nice    %sys %iowait    %irq   %soft  %steal  %guest  %gnice   %idle
10:56:56 AM  all    0.05    0.00   30.38    0.10    0.00    0.00    0.00   14.56    0.00   54.81
10:56:56 AM    0    0.00    0.00    0.00    0.00    0.00    0.00    0.00    0.00    0.00  100.00
10:56:56 AM    1    0.00    0.00    0.00    0.00    0.00    0.00    0.00    0.00    0.00  100.00
10:56:56 AM    2    0.00    0.00    0.00    0.00    0.00    0.00    0.00    0.00    0.00  100.00
10:56:56 AM    3    0.00    0.00    0.00    0.00    0.00    0.00    0.00    0.00    0.00  100.00
10:56:56 AM    4    0.00    0.00    0.00    1.98    0.00    0.00    0.00    0.00    0.00   98.02
10:56:56 AM    5    0.99    0.00   48.51    0.00    0.00    0.00    0.00   50.50    0.00    0.00
10:56:56 AM    6    0.00    0.00   75.00    0.00    0.00    0.00    0.00   25.00    0.00    0.00
10:56:56 AM    7    0.99    0.00   60.40    0.00    0.00    0.00    0.00   37.62    0.00    0.99
10:56:56 AM    8    0.00    0.00   11.00    0.00    0.00    0.00    0.00    0.00    0.00   89.00
10:56:56 AM    9    0.00    0.00   48.00    0.00    0.00    0.00    0.00    0.00    0.00   52.00
10:56:56 AM   10    0.00    0.00    0.00    0.00    0.00    0.00    0.00    0.00    0.00  100.00
10:56:56 AM   11    0.00    0.00   28.57    0.00    0.00    0.00    0.00    0.00    0.00   71.43
10:56:56 AM   12    0.00    0.00   27.47    0.00    0.00    0.00    0.00    0.00    0.00   72.53
10:56:56 AM   13    0.00    0.00    0.00    0.00    0.00    0.00    0.00    0.00    0.00  100.00
10:56:56 AM   14    0.00    0.00    0.00    0.00    0.00    0.00    0.00    0.00    0.00  100.00
10:56:56 AM   15    0.00    0.00   83.17    0.00    0.00    0.00    0.00   16.83    0.00    0.00
10:56:56 AM   16    1.00    0.00   60.00    0.00    0.00    0.00    0.00   39.00    0.00    0.00
10:56:56 AM   17    0.00    0.00   63.00    0.00    0.00    0.00    0.00   37.00    0.00    0.00
10:56:56 AM   18    0.00    0.00   54.55    0.00    0.00    0.00    0.00   45.45    0.00    0.00
10:56:56 AM   19    0.00    0.00   46.53    0.00    0.00    0.00    0.00   36.63    0.00   16.83

10:56:56 AM  CPU    %usr   %nice    %sys %iowait    %irq   %soft  %steal  %guest  %gnice   %idle
10:56:57 AM  all    0.10    0.00   29.51    0.00    0.00    0.00    0.00   13.66    0.00   56.73
10:56:57 AM    0    0.00    0.00    0.00    0.00    0.00    0.00    0.00    2.04    0.00   97.96
10:56:57 AM    1    0.00    0.00    0.00    0.00    0.00    0.00    0.00    4.04    0.00   95.96
10:56:57 AM    2    0.00    0.00    0.00    0.00    0.00    0.00    0.00    0.00    0.00  100.00
10:56:57 AM    3    0.00    0.00    0.00    0.00    0.00    0.00    0.00    0.00    0.00  100.00
10:56:57 AM    4    0.00    0.00    0.00    0.00    0.00    0.00    0.00    0.00    0.00  100.00
10:56:57 AM    5    0.00    0.00   38.00    0.00    0.00    0.00    0.00   33.00    0.00   29.00
10:56:57 AM    6    0.00    0.00   57.58    0.00    0.00    0.00    0.00   25.25    0.00   17.17
10:56:57 AM    7    0.00    0.00   44.44    0.00    0.00    0.00    0.00   31.31    0.00   24.24
10:56:57 AM    8    0.00    0.00    8.08    0.00    0.00    0.00    0.00   14.14    0.00   77.78
10:56:57 AM    9    0.00    0.00   36.73    0.00    0.00    0.00    0.00    0.00    0.00   63.27
10:56:57 AM   10    0.00    0.00   26.26    0.00    0.00    0.00    0.00    0.00    0.00   73.74
10:56:57 AM   11    0.00    0.00    9.38    0.00    0.00    0.00    0.00    0.00    0.00   90.62
10:56:57 AM   12    0.00    0.00   21.84    0.00    0.00    0.00    0.00    0.00    0.00   78.16
10:56:57 AM   13    0.00    0.00   10.42    0.00    0.00    0.00    0.00    0.00    0.00   89.58
10:56:57 AM   14    0.00    0.00    2.04    0.00    0.00    0.00    0.00    0.00    0.00   97.96
10:56:57 AM   15    1.00    0.00   84.00    0.00    0.00    0.00    0.00   15.00    0.00    0.00
10:56:57 AM   16    0.00    0.00   56.00    0.00    0.00    0.00    0.00   44.00    0.00    0.00
10:56:57 AM   17    0.00    0.00   62.00    0.00    0.00    0.00    0.00   38.00    0.00    0.00
10:56:57 AM   18    0.00    0.00   71.29    0.00    0.00    0.00    0.00   28.71    0.00    0.00
10:56:57 AM   19    1.00    0.00   58.00    0.00    0.00    0.00    0.00   34.00    0.00    7.00

Average:     CPU    %usr   %nice    %sys %iowait    %irq   %soft  %steal  %guest  %gnice   %idle
Average:     all    0.02    0.00   31.50    0.02    0.00    0.01    0.00   19.14    0.00   49.31
Average:       0    0.07    0.00    6.40    0.03    0.00    0.06    0.00    5.52    0.00   87.92
Average:       1    0.04    0.00    7.81    0.01    0.00    0.00    0.00    8.11    0.00   84.02
Average:       2    0.06    0.00    7.66    0.01    0.00    0.00    0.00    4.32    0.00   87.95
Average:       3    0.06    0.00    5.15    0.07    0.00    0.00    0.00    6.85    0.00   87.87
Average:       4    0.04    0.00    2.94    0.12    0.00    0.00    0.00    6.30    0.00   90.60
Average:       5    0.01    0.00   35.53    0.00    0.00    0.00    0.00   37.88    0.00   26.57
Average:       6    0.00    0.00   38.16    0.01    0.00    0.01    0.00   27.94    0.00   33.88
Average:       7    0.00    0.00   37.68    0.01    0.00    0.03    0.00   34.32    0.00   27.95
Average:       8    0.00    0.00   35.37    0.00    0.00    0.01    0.00   29.47    0.00   35.15
Average:       9    0.02    0.00   38.20    0.02    0.00    0.02    0.00   15.75    0.00   46.01
Average:      10    0.02    0.00   23.49    0.00    0.00    0.02    0.00    4.28    0.00   72.20
Average:      11    0.02    0.00   24.97    0.02    0.00    0.00    0.00    5.24    0.00   69.76
Average:      12    0.00    0.00   35.33    0.00    0.00    0.00    0.00    3.86    0.00   60.81
Average:      13    0.02    0.00   27.91    0.00    0.00    0.02    0.00    0.46    0.00   71.60
Average:      14    0.04    0.00   19.49    0.01    0.00    0.01    0.00    0.64    0.00   79.79
Average:      15    0.01    0.00   92.37    0.00    0.00    0.00    0.00    3.26    0.00    4.36
Average:      16    0.00    0.00   43.94    0.00    0.00    0.00    0.00   51.72    0.00    4.35
Average:      17    0.00    0.00   50.64    0.01    0.00    0.00    0.00   43.02    0.00    6.33
Average:      18    0.01    0.00   43.69    0.00    0.00    0.01    0.00   48.95    0.00    7.33
Average:      19    0.00    0.00   50.52    0.00    0.00    0.00    0.00   39.79    0.00    9.69
